X,Y,INDEX_,ACCNUM,YEAR,DATE,TIME,STREET1,STREET2,OFFSET,ROAD_CLASS,DISTRICT,WARDNUM,LATITUDE,LONGITUDE,LOCCOORD,ACCLOC,TRAFFCTL,VISIBILITY,LIGHT,RDSFCOND,ACCLASS,IMPACTYPE,INVTYPE,INVAGE,INJURY,FATAL_NO,INITDIR,VEHTYPE,MANOEUVER,DRIVACT,DRIVCOND,PEDTYPE,PEDACT,PEDCOND,CYCLISTYPE,CYCACT,CYCCOND,PEDESTRIAN,CYCLIST,AUTOMOBILE,MOTORCYCLE,TRUCK,TRSN_CITY_VEH,EMERG_VEH,PASSENGER,SPEEDING,AG_DRIV,REDLIGHT,ALCOHOL,DISABILITY,HOOD_158,NEIGHBOURHOOD_158,HOOD_140,NEIGHBOURHOOD_140,DIVISION,ObjectId
-8824539.82486763,5433902.89123284,3552006,940637,2006,2006/12/07 05:00:00+00,1545,BRIMLEY RD,HUNTINGWOOD DR,,Major Arterial,Scarborough,23,43.795845,-79.27219,Mid-Block,,No Control,Clear,Daylight,Dry,Fatal,Pedestrian Collisions,Pedestrian,80 to 84,Fatal,,East,Other,,,,Pedestrian hit at mid-block,"Crossing, no Traffic Control",Unknown,,,,Yes,,Yes,,,,,,,,,,,129,Agincourt North,129,Agincourt North (129),D42,54
-8849631.23809244,5416138.14478252,3516851,940775,2006,2006/12/08 05:00:00+00,1719,JANE ST,BEXLEY CRES,,Major Arterial,Etobicoke York,5,43.680545,-79.49759,Intersection,,No Control,Clear,Dark,Dry,Fatal,Pedestrian Collisions,Pedestrian,55 to 59,Fatal,,East,Other,,,,Vehicle is going straight thru inter.while ped cross without ROW,"Crossing, no Traffic Control",Unknown,,,,Yes,,Yes,,,,,Yes,,,,,,111,Rockcliffe-Smythe,111,Rockcliffe-Smythe (111),D12,55
-8828035.25687854,5422559.08810058,3609254,943986,2006,2006/12/23 05:00:00+00,1809,O CONNOR DR,LEAFY WOODWAY,,Major Arterial,North York,16,43.722245,-79.30359,Intersection,,No Control,Rain,Dark,Wet,Fatal,Pedestrian Collisions,Pedestrian,65 to 69,Fatal,,North,Other,,,,Pedestrian hit at mid-block,"Crossing, no Traffic Control",Inattentive,,,,Yes,,Yes,,,,,,,,,,,43,Victoria Village,43,Victoria Village (43),D55,56
-8819664.03117089,5429539.42420425,3552178,944038,2006,2006/12/24 05:00:00+00,850,MARKHAM RD,PAINTED POST DR,,Major Arterial,Scarborough,24,43.767545,-79.22839,Intersection,At Intersection,Traffic Signal,Clear,Daylight,Dry,Fatal,Angle,Driver,40 to 44,Fatal,,West,"Automobile, Station Wagon",Going Ahead,Driving Properly,Unknown,,,,,,,,,Yes,,,,,,,Yes,Yes,,,142,Woburn North,137,Woburn (137),D43,57
-8831274.65406063,5433918.3135073,4119061,945089,2007,2007/01/02 05:00:00+00,1750,VICTORIA PARK AVE,HARE GT,,Major Arterial,North York,1722,43.795945,-79.33269,Intersection,At Intersection,No Control,Clear,Dark,Dry,Fatal,Pedestrian Collisions,Pedestrian,40 to 44,Fatal,,West,Other,,,,Vehicle is going straight thru inter.while ped cross without ROW,"Crossing, no Traffic Control",Unknown,,,,Yes,,Yes,,,,,,,,,,,46,Pleasant View,46,Pleasant View (46),D33,58
-8845835.24345639,5418893.82999886,4129903,951370,2007,2007/02/05 05:00:00+00,523,CALEDONIA RD,CASTLEFIELD AVE,,Minor Arterial,North York,8,43.698445,-79.46349,Intersection,At Intersection,Traffic Signal,Clear,Dark,Dry,Fatal,Angle,Driver,45 to 49,Fatal,,West,"Automobile, Station Wagon",Going Ahead,Driving Properly,Normal,,,,,,,,,Yes,,,,,Yes,,Yes,Yes,,,108,Briar Hill-Belgravia,108,Briar Hill-Belgravia (108),D13,59
-8853416.10077941,5408768.03370487,4405461,952529,2007,2007/02/11 05:00:00+00,202,KIPLING AVE,ADVANCE RD,,Major Arterial,Etobicoke York,3,43.632645,-79.53159,Mid-Block,At Intersection,No Control,Clear,Dark,Dry,Fatal,Pedestrian Collisions,Pedestrian,15 to 19,Fatal,,West,Other,,,,Pedestrian hit at mid-block,Walking on Roadway with Traffic,Unknown,,,,Yes,,Yes,,,,,,Yes,Yes,,Yes,,159,Etobicoke City Centre,14,Islington-City Centre West (14),D22,60
-8830105.7994073,5435476.09619155,4133908,953178,2007,2007/02/14 05:00:00+00,700,MCNICOLL AVE,WARDEN AVE,,Minor Arterial,Scarborough,22,43.806045,-79.32219,Mid-Block,,No Control,Snow,Dark,Packed Snow,Fatal,Pedestrian Collisions,Pedestrian,30 to 34,Fatal,,North,Other,,,,Pedestrian hit at mid-block,Walking on Roadway with Traffic,Inattentive,,,,Yes,,Yes,,,,,,Yes,Yes,,,,116,Steeles,116,Steeles (116),D42,61
-8838521.55291127,5411798.45328412,4136608,954405,2007,2007/02/19 05:00:00+00,1358,SPADINA AVE,WILLISON SQ,,Major Arterial,Toronto and East York,10,43.652345,-79.39779,Intersection,,No Control,Clear,Daylight,Wet,Fatal,Pedestrian Collisions,Pedestrian,55 to 59,Fatal,,East,Other,,,,Pedestrian hit at mid-block,"Crossing, no Traffic Control",Normal,,,,Yes,,Yes,,,,,,,,,,,78,Kensington-Chinatown,78,Kensington-Chinatown (78),D52,62
-8845178.45846071,5409737.044584,4142164,957092,2007,2007/03/06 05:00:00+00,145,F G GARDINER XY  W,PARKSIDE DR,,,Toronto and East York,4,43.638945,-79.45759,Mid-Block,,No Control,Clear,Dark,Dry,Fatal,Rear End,Driver,30 to 34,Fatal,,West,"Automobile, Station Wagon",Changing Lanes,Improper Lane Change,Unknown,,,,,,,,,Yes,,Yes,,,,,,,,,85,South Parkdale,85,South Parkdale (85),D11,63
-8860685.26352821,5428275.48386454,4273443,957566,2007,2007/03/07 05:00:00+00,1027,STEELES AVE W,GIHON SPRING DR,,Major Arterial,Etobicoke York,1,43.759345,-79.59689,Intersection,,No Control,Clear,Daylight,Other,Fatal,Approaching,Driver,60 to 64,Fatal,,West,"Automobile, Station Wagon",Going Ahead,Driving Properly,Normal,,,,,,,,,Yes,,,,,,,Yes,,,,NSA,NSA,NSA,NSA,NSA,64
-8833233.87709859,5418093.21098719,4144071,957966,2007,2007/03/09 05:00:00+00,1724,O CONNOR DR,PAPE AVE,,Major Arterial,Toronto and East York,14,43.693245,-79.35029,Intersection,At Intersection,Traffic Signal,Clear,Dusk,Dry,Fatal,Pedestrian Collisions,Pedestrian,70 to 74,Fatal,,West,Other,,,,Pedestrian involved in a collision with transit vehicle anywhere along roadway,Crossing with right of way,Normal,,,,Yes,,Yes,,,,,,,Yes,,,,58,Old East York,58,Old East York (58),D55,65
-8837764.58037387,5416122.75220274,4153261,961870,2007,2007/03/30 04:00:00+00,2120,YONGE ST,SCRIVENER SQ,,Major Arterial,Toronto and East York,11,43.680445,-79.39099,Intersection,At Intersection,No Control,Clear,Dark,Dry,Fatal,Pedestrian Collisions,Pedestrian,80 to 84,Fatal,,East,Other,,,,Pedestrian hit at mid-block,"Crossing, no Traffic Control",Normal,,,,Yes,,Yes,,,,,,,Yes,,,,95,Annex,95,Annex (95),D53,66
-8826109.42968782,5427011.7167353,4153882,962132,2007,2007/03/31 04:00:00+00,643,BIRCHMOUNT RD,MERRYFIELD DR,,Major Arterial,Scarborough,21,43.751145,-79.28629,Mid-Block,,No Control,Clear,Dawn,Dry,Fatal,Approaching,Driver,30 to 34,Fatal,,North,"Automobile, Station Wagon",Going Ahead,Improper Passing,Unknown,,,,,,,,,Yes,,,,,,,Yes,,,,126,Dorset Park,126,Dorset Park (126),D41,67
-8842829.61720497,5409998.54111703,4154417,962372,2007,2007/04/02 04:00:00+00,2108,QUEEN ST W,LANSDOWNE AVE,,Major Arterial,Toronto and East York,4,43.640645,-79.43649,Intersection,,No Control,Clear,Dark,Dry,Fatal,Pedestrian Collisions,Pedestrian,60 to 64,Fatal,,South,Other,,,,Pedestrian hit at mid-block,"Crossing, no Traffic Control",Unknown,,,,Yes,,,,,,,Yes,,,,,,86,Roncesvalles,86,Roncesvalles (86),D11,68
-8859193.58235158,5428429.61365528,4157517,963778,2007,2007/04/11 04:00:00+00,2034,STEELES AVE W,MARKBROOK LANE,,Major Arterial,Etobicoke York,1,43.760345,-79.58349,Mid-Block,,No Control,Rain,Dark,Wet,Fatal,Approaching,Driver,45 to 49,Fatal,,East,"Automobile, Station Wagon",Going Ahead,Driving Properly,Normal,,,,,,,,,Yes,,,,,,,,,Yes,,2,Mount Olive-Silverstone-Jamestown,2,Mount Olive-Silverstone-Jamestown (2),D23,69
-8854707.40687261,5404155.08910796,4159890,964835,2007,2007/04/17 04:00:00+00,1603,149 SHELDON AVE,,,Local,Etobicoke York,3,43.602645,-79.54319,Mid-Block,,No Control,Clear,Daylight,Dry,Fatal,SMV Other,Driver,90 to 94,Fatal,,East,"Automobile, Station Wagon",Going Ahead,Lost control,Had Been Drinking,,,,,,,,,Yes,,,,,Yes,,,,,,20,Alderwood,20,Alderwood (20),D22,70
-8828513.59673048,5431266.21590997,4161166,965369,2007,2007/04/22 04:00:00+00,4,WARDEN AVE,SHEPPARD AVE E,,Major Arterial,Scarborough,22,43.778746,-79.307887,Intersection,At Intersection,Traffic Signal,Clear,Dark,Dry,Fatal,Turning Movement,Motorcycle Driver,20 to 24,Fatal,,North,Motorcycle,Going Ahead,Exceeding Speed Limit,Normal,,,,,,,,,Yes,Yes,,,,,Yes,Yes,,,,118,Tam O'Shanter-Sullivan,118,Tam O'Shanter-Sullivan (118),D42,71
-8827333.94408654,5438546.16171197,4173249,970644,2007,2007/05/20 04:00:00+00,440,STEELES AVE E,MIDLAND AVE,,Major Arterial,Scarborough,2223,43.825945,-79.29729,Intersection,At Intersection,Traffic Signal,Clear,Dark,Dry,Fatal,Pedestrian Collisions,Pedestrian,55 to 59,Fatal,,South,Other,,,,Vehicle is going straight thru inter.while ped cross with ROW,Crossing with right of way,Unknown,,,,Yes,,Yes,,,,,,,Yes,,,,130,Milliken,130,Milliken (130),D42,72
-8823326.44241799,5429924.80633406,4178251,972841,2007,2007/06/01 04:00:00+00,1910,ELLESMERE RD,BRIMLEY RD,,Major Arterial,Scarborough,21,43.770045,-79.26129,Intersection,At Intersection,Traffic Signal,Clear,Daylight,Dry,Fatal,Turning Movement,Motorcycle Driver,35 to 39,Fatal,,West,Motorcycle,Going Ahead,Exceeding Speed Limit,Normal,,,,,,,,,Yes,Yes,,,,Yes,Yes,Yes,,,,156,Bendale-Glen Andrew,127,Bendale (127),D43,73
-8835148.34970125,5415168.15453642,4178259,972843,2007,2007/06/02 04:00:00+00,2,BLOOR ST E,DRUMSNAB RD,,Major Arterial,Toronto and East York,11,43.674243,-79.367488,Intersection,At Intersection,No Control,Clear,Dark,Dry,Fatal,SMV Other,Motorcycle Driver,25 to 29,Fatal,,West,Motorcycle,Slowing or Stopping,Lost control,Unknown,,,,,,,,,,Yes,,,,,Yes,Yes,,,,71,Cabbagetown-South St.James Town,71,Cabbagetown-South St.James Town (71),D51,74
-8857534.92193876,5426256.62146313,4405642,972932,2007,2007/06/02 04:00:00+00,226,ISLINGTON AVE,FINCH AVE W,,Major Arterial,Etobicoke York,17,43.746245,-79.56859,Intersection,At Intersection,Traffic Signal,Clear,Dark,Dry,Fatal,Angle,Driver,15 to 19,Fatal,,North,"Automobile, Station Wagon",Going Ahead,Disobeyed Traffic Control,Unknown,,,,,,,,,Yes,,,,,Yes,,Yes,Yes,,,22,Humbermede,22,Humbermede (22),D31,75
-8857534.92193876,5426256.62146313,4405643,972932,2007,2007/06/02 04:00:00+00,226,ISLINGTON AVE,FINCH AVE W,,Major Arterial,Etobicoke York,17,43.746245,-79.56859,Intersection,At Intersection,Traffic Signal,Clear,Dark,Dry,Fatal,Angle,Passenger,15 to 19,Fatal,,,Other,,,,,,,,,,,,Yes,,,,,Yes,,Yes,Yes,,,22,Humbermede,22,Humbermede (22),D31,76
-8857534.92193876,5426256.62146313,4405644,972932,2007,2007/06/02 04:00:00+00,226,ISLINGTON AVE,FINCH AVE W,,Major Arterial,Etobicoke York,17,43.746245,-79.56859,Intersection,At Intersection,Traffic Signal,Clear,Dark,Dry,Fatal,Angle,Passenger,15 to 19,Fatal,,,Other,,,,,,,,,,,,Yes,,,,,Yes,,Yes,Yes,,,22,Humbermede,22,Humbermede (22),D31,77
-8837274.77461438,5428445.02677603,4180913,974080,2007,2007/06/08 04:00:00+00,809,BAYVIEW AVE,FIFESHIRE RD,,Major Arterial,North York,15,43.760445,-79.38659,Intersection,At Intersection,No Control,Clear,Daylight,Dry,Fatal,Cyclist Collisions,Cyclist,45 to 49,Fatal,,South,Bicycle,Going Ahead,,,,,,Cyclist and Driver travelling in same direction. One vehicle sideswipes the other.,Other,Unknown,,Yes,Yes,,Yes,,,,,,,,,40,St.Andrew-Windfields,40,St.Andrew-Windfields (40),D33,78
-8840503.03984739,5412198.48138235,4273729,975035,2007,2007/06/14 04:00:00+00,1124,COLLEGE ST,GRACE ST,,Major Arterial,Toronto and East York,11,43.654945,-79.41559,Intersection,At Intersection,Traffic Signal,Clear,Daylight,Dry,Fatal,Pedestrian Collisions,Pedestrian,70 to 74,Fatal,,East,Other,,,,Vehicle turns left while ped crosses with ROW at inter.,Crossing with right of way,Other,,,,Yes,,Yes,,,,,,,,,,,81,Trinity-Bellwoods,80,Palmerston-Little Italy (80),D14,79
-8855853.99762778,5421650.33800109,4187640,977223,2007,2007/06/30 04:00:00+00,212,BURRARD RD,CAULFIELD RD,,Local,Etobicoke York,1,43.716345,-79.55349,Intersection,At Intersection,No Control,Clear,Dark,Dry,Fatal,SMV Other,Driver,15 to 19,Fatal,,North,"Automobile, Station Wagon",Going Ahead,Exceeding Speed Limit,Had Been Drinking,,,,,,,,,Yes,,,,,,Yes,Yes,,,,5,Elms-Old Rexdale,5,Elms-Old Rexdale (5),D23,80
-8825530.56833569,5429261.95904427,4190043,978249,2007,2007/07/01 04:00:00+00,805,ELLESMERE RD,KENNEDY RD,,Major Arterial,Scarborough,21,43.765745,-79.28109,Intersection,At Intersection,Traffic Signal,Clear,Daylight,Dry,Fatal,Angle,Driver,60 to 64,Fatal,,West,"Automobile, Station Wagon",Going Ahead,Disobeyed Traffic Control,Normal,,,,,,,,,Yes,,,,,,,Yes,Yes,,,126,Dorset Park,126,Dorset Park (126),D41,81
-8813931.07739503,5435028.78510208,4189764,978116,2007,2007/07/05 04:00:00+00,530,BRAYMORE BLVD,BLACKTOFT DR,,Collector,Scarborough,25,43.803145,-79.17689,Intersection,,No Control,"Fog, Mist, Smoke, Dust",Dark,Dry,Fatal,SMV Other,Driver,15 to 19,Fatal,,North,"Automobile, Station Wagon",Going Ahead,Lost control,Had Been Drinking,,,,,,,,,Yes,,,,,Yes,,,,,,143,West Rouge,131,Rouge (131),D42,82
-8820587.98294447,5424561.73472315,4405787,979400,2007,2007/07/11 04:00:00+00,2013,MCCOWAN RD,BRIDLEGROVE DR,,Minor Arterial,Scarborough,20,43.735245,-79.23669,Mid-Block,,No Control,Clear,Daylight,Dry,Fatal,Pedestrian Collisions,Pedestrian,35 to 39,Fatal,,South,Other,,,,Pedestrian hit on sidewalk or shoulder,On Sidewalk or Shoulder,Normal,,,,Yes,,Yes,,,,,,,,,Yes,,123,Cliffcrest,123,Cliffcrest (123),D43,83
-8827044.51341048,5426117.93721406,4405840,982207,2007,2007/07/18 04:00:00+00,1607,LAWRENCE AVE E,WARDEN AVE,,Major Arterial,Scarborough,21,43.745345,-79.29469,Intersection,At Intersection,Traffic Signal,Clear,Daylight,Dry,Fatal,Pedestrian Collisions,Pedestrian,35 to 39,Fatal,,,Other,,,,Pedestrian hit on sidewalk or shoulder,On Sidewalk or Shoulder,Normal,,,,Yes,,Yes,,Yes,,,Yes,,,,,,119,Wexford/Maryvale,119,Wexford/Maryvale (119),D41,84
-8821634.38615793,5427658.9904603,4209597,986718,2007,2007/08/05 04:00:00+00,1055,LAWRENCE AVE E,MCCOWAN RD,,Major Arterial,Scarborough,21,43.755345,-79.24609,Mid-Block,,No Control,Clear,Daylight,Dry,Fatal,Pedestrian Collisions,Pedestrian,75 to 79,Fatal,,North,Other,,,,Pedestrian hit at mid-block,"Crossing, no Traffic Control",Normal,,,,Yes,,Yes,,,,,,,,,,,157,Bendale South,127,Bendale (127),D43,85
-8843085.65203379,5409060.26438211,4273854,984625,2007,2007/08/13 04:00:00+00,51,F G GARDINER XY  E,JAMESON AVE,,Major Arterial,Toronto and East York,4,43.634545,-79.43879,Mid-Block,,No Control,Clear,Dark,Dry,Fatal,Rear End,Passenger,0 to 4,Fatal,,,Other,,,,,,,,,,,,Yes,,,,,Yes,,,,,,85,South Parkdale,85,South Parkdale (85),D14,86
-8843085.65203379,5409060.26438211,4273855,984625,2007,2007/08/13 04:00:00+00,51,F G GARDINER XY  E,JAMESON AVE,,Major Arterial,Toronto and East York,4,43.634545,-79.43879,Mid-Block,,No Control,Clear,Dark,Dry,Fatal,Rear End,Passenger,60 to 64,Fatal,,,Other,,,,,,,,,,,,Yes,,,,,Yes,,,,,,85,South Parkdale,85,South Parkdale (85),D14,87
-8828024.12492946,5431790.28354414,4292894,987119,2007,2007/08/28 04:00:00+00,1244,BAY MILLS BLVD,EAGLESTONE RD,,Collector,Scarborough,22,43.782145,-79.30349,Intersection,At Intersection,Pedestrian Crossover,Clear,Daylight,Dry,Fatal,Cyclist Collisions,Cyclist,5 to 9,Fatal,,South,Bicycle,Going Ahead,,,,,,Cyclist struck at PXO(cyclist either travel in same dir. as veh. or ride across xwalk),Disobeyed Traffic Control,Normal,,Yes,Yes,,,,,,,,,,,118,Tam O'Shanter-Sullivan,118,Tam O'Shanter-Sullivan (118),D42,88
-8842529.05457983,5408783.41403649,4211231,987376,2007,2007/08/30 04:00:00+00,2252,F G GARDINER XY  W,JAMESON AVE,,,Toronto and East York,4,43.632745,-79.43379,Mid-Block,,No Control,Clear,Dark,Dry,Fatal,SMV Other,Motorcycle Driver,25 to 29,Fatal,,West,Motorcycle,Going Ahead,Lost control,Normal,,,,,,,,,,Yes,,,,,,,,,,85,South Parkdale,85,South Parkdale (85),D14,89
-8848985.58504584,5425855.9837657,4273923,987500,2007,2007/09/02 04:00:00+00,48,SHEPPARD AVE W,SENTINEL RD,,Major Arterial,North York,6,43.743645,-79.49179,Intersection,,Traffic Signal,Clear,Dark,Dry,Fatal,SMV Other,Driver,40 to 44,Fatal,,East,"Automobile, Station Wagon",Going Ahead,Lost control,Unknown,,,,,,,,,Yes,,,,,,,,,,,155,Downsview,26,Downsview-Roding-CFB (26),D31,90
-8828358.08340184,5427011.7167353,4273926,987504,2007,2007/09/02 04:00:00+00,245,1 MURRAY GLEN DR,,,Local,Scarborough,21,43.751145,-79.30649,Mid-Block,,No Control,Clear,Dark,Dry,Fatal,Cyclist Collisions,Cyclist,40 to 44,Fatal,,West,Bicycle,Going Ahead,,,,,,Insufficient information (to determine cyclist crash type).,Other,Unknown,,Yes,,,Yes,,,,,,,,,119,Wexford/Maryvale,119,Wexford/Maryvale (119),D41,91
-8852603.46849662,5427751.46184374,4217302,990014,2007,2007/09/13 04:00:00+00,1005,OAKDALE RD,FINCH AVE W,,Major Arterial,Etobicoke York,7,43.755945,-79.52429,Intersection,At Intersection,Traffic Signal,Clear,Daylight,Dry,Fatal,Pedestrian Collisions,Pedestrian,65 to 69,Fatal,,South,Other,,,,Vehicle turns left while ped crosses without ROW at inter.,Crossing without right of way,Unknown,,,,Yes,,,,Yes,,,,,,,,,24,Black Creek,24,Black Creek (24),D31,92
-8827523.18722089,5421588.73106373,4219065,990803,2007,2007/09/18 04:00:00+00,18,VICTORIA PARK AVE,HOLLAND AVE,,Major Arterial,Toronto and East York,1920,43.715945,-79.29899,Intersection,At Intersection,No Control,Clear,Dark,Dry,Fatal,Approaching,Driver,15 to 19,Fatal,,South,"Automobile, Station Wagon",Going Ahead,Lost control,Unknown,,,,,,,,,Yes,,,,,,Yes,Yes,,,,54,O'Connor-Parkview,54,O'Connor-Parkview (54),D55,93
-8839968.70629158,5420587.67596305,4292978,991727,2007,2007/09/20 04:00:00+00,2005,AVENUE RD,CASTLEFIELD AVE,,Major Arterial,North York,8,43.709445,-79.41079,Intersection,At Intersection,Stop Sign,Clear,Dark,Dry,Fatal,Angle,Driver,20 to 24,Fatal,,North,"Automobile, Station Wagon",Going Ahead,Exceeding Speed Limit,Normal,,,,,,,,,Yes,,Yes,,,Yes,Yes,Yes,,,,103,Lawrence Park South,103,Lawrence Park South (103),D53,94
-8839434.37273577,5414845.25750279,4406009,991482,2007,2007/09/20 04:00:00+00,2155,SPADINA RD,BERNARD AVE,,Minor Arterial,Toronto and East York,11,43.672145,-79.40599,Intersection,At Intersection,Traffic Signal,Clear,Dark,Dry,Fatal,Turning Movement,Passenger,20 to 24,Fatal,,,Other,,,,,,,,,,,,Yes,,,,,Yes,Yes,Yes,,,,95,Annex,95,Annex (95),D53,95
-8861241.86098218,5423991.70643213,4226029,993818,2007,2007/09/28 04:00:00+00,1932,HIGHWAY 27  N,HUMBER COLLEGE BLVD,,Major Arterial,Etobicoke York,1,43.731545,-79.60189,Mid-Block,,No Control,Clear,Dark,Dry,Fatal,Pedestrian Collisions,Pedestrian,80 to 84,Fatal,,West,Other,,,,Pedestrian hit at mid-block,"Crossing, no Traffic Control",Unknown,,,,Yes,,Yes,,,,,,,,,,,1,West Humber-Clairville,1,West Humber-Clairville (1),D23,96
-8839167.20595787,5423791.43458211,4226034,993820,2007,2007/10/01 04:00:00+00,605,YONGE ST,GLENFOREST RD,,Major Arterial,North York,815,43.730245,-79.40359,Intersection,At Intersection,No Control,Clear,Dark,Dry,Fatal,Pedestrian Collisions,Pedestrian,70 to 74,Fatal,,North,Other,,,,Vehicle turns left while ped crosses with ROW at inter.,Crossing with right of way,Unknown,,,,Yes,,,,Yes,,,,,Yes,,,,105,Lawrence Park North,105,Lawrence Park North (105),D32,97
-8853527.4202702,5416522.96761538,4293077,995785,2007,2007/10/10 04:00:00+00,1503,LA ROSE AVE,WATLING ST,,Local,Etobicoke York,2,43.683045,-79.53259,Intersection,,No Control,Clear,Daylight,Wet,Fatal,SMV Other,Driver,55 to 59,Fatal,,East,"Automobile, Station Wagon",Going Ahead,Exceeding Speed Limit,Unknown,,,,,,,,,Yes,,,,,,Yes,Yes,,,,7,Willowridge-Martingrove-Richview,7,Willowridge-Martingrove-Richview (7),D23,98
-8829693.91729136,5433933.73580756,4274118,996032,2007,2007/10/10 04:00:00+00,1946,FINCH AVE E,BRIDLETOWNE CRCL,,Major Arterial,Scarborough,22,43.796045,-79.31849,Mid-Block,,No Control,Rain,Dark,Wet,Fatal,Pedestrian Collisions,Pedestrian,50 to 54,Fatal,,South,Other,,,,Pedestrian hit at mid-block,"Crossing, no Traffic Control",Inattentive,,,,Yes,,Yes,,,,,,,,,,,147,L'Amoreaux West,117,L'Amoreaux (117),D42,99
-8856432.85897991,5421634.93622819,4406116,997564,2007,2007/10/19 04:00:00+00,1010,BERGAMOT AVE,ISLINGTON AVE,,Collector,Etobicoke York,1,43.716245,-79.55869,Mid-Block,,No Control,Rain,Daylight,Wet,Fatal,Approaching,Passenger,80 to 84,Fatal,,,Other,,,,,,,,,,,,Yes,,,Yes,,Yes,,,,Yes,,4,Rexdale-Kipling,4,Rexdale-Kipling (4),D23,100
-8856432.85897991,5421634.93622819,4406117,997564,2007,2007/10/19 04:00:00+00,1010,BERGAMOT AVE,ISLINGTON AVE,,Collector,Etobicoke York,1,43.716245,-79.55869,Mid-Block,,No Control,Rain,Daylight,Wet,Fatal,Approaching,Passenger,80 to 84,Fatal,,,Other,,,,,,,,,,,,Yes,,,Yes,,Yes,,,,Yes,,4,Rexdale-Kipling,4,Rexdale-Kipling (4),D23,101
-8827356.2079847,5427150.41442372,4293249,1000871,2007,2007/11/06 05:00:00+00,710,WARDEN AVE,MANHATTAN DR,,Major Arterial,Scarborough,21,43.752045,-79.29749,Intersection,At Intersection,Traffic Signal,Clear,Daylight,Dry,Fatal,Pedestrian Collisions,Pedestrian,45 to 49,Fatal,,West,Other,,,,Vehicle turns left while ped crosses with ROW at inter.,Crossing with right of way,Normal,,,,Yes,,Yes,,,,,,,Yes,,,,119,Wexford/Maryvale,119,Wexford/Maryvale (119),D41,102
-8851801.96816291,5427581.93168235,4274441,1001761,2007,2007/11/09 05:00:00+00,1810,JANE ST,FIRGROVE CRES,,Major Arterial,Etobicoke York,7,43.754845,-79.51709,Intersection,At Intersection,Traffic Signal,Rain,Dark,Wet,Fatal,Pedestrian Collisions,Pedestrian,80 to 84,Fatal,,West,Other,,,,Vehicle turns left while ped crosses with ROW at inter.,Crossing with right of way,Unknown,,,,Yes,,Yes,,,,,,,Yes,,,,25,Glenfield-Jane Heights,25,Glenfield-Jane Heights (25),D31,103
-8831508.42499129,5420818.67904211,4250203,1004342,2007,2007/11/23 05:00:00+00,950,DON MILLS RD,OVERLEA BLVD,,Major Arterial,North York,16,43.710945,-79.33479,Mid-Block,,No Control,Clear,Daylight,Wet,Fatal,Pedestrian Collisions,Pedestrian,75 to 79,Fatal,,West,Other,,,,Pedestrian involved in a collision with transit vehicle anywhere along roadway,"Crossing, no Traffic Control",Unknown,,,,Yes,,,,,Yes,,,,,,,,44,Flemingdon Park,44,Flemingdon Park (44),D55,104
-8834565.70348644,5412373.88377959,80000040,142723818,2014,2014/08/18 04:00:00+00,125,QUEEN ST E,TRACY ST,,Major Arterial,Toronto and East York,13,43.656085,-79.362254,Intersection,,No Control,Clear,"Dark, artificial",Dry,Fatal,Pedestrian Collisions,Pedestrian,60 to 64,Fatal,21,Unknown,,,,,Pedestrian hit on sidewalk or shoulder,On Sidewalk or Shoulder,Unknown,,,,Yes,,Yes,,,,,,,,,,,73,Moss Park,73,Moss Park (73),D51,105
-8827868.16632286,5422732.684952,80000042,142740894,2014,2014/08/20 04:00:00+00,1639,VICTORIA PARK AVE,O CONNOR DR,,Major Arterial,North York,1620,43.723372,-79.302089,Intersection,At Intersection,Traffic Signal,Clear,Daylight,Dry,Fatal,Pedestrian Collisions,Pedestrian,75 to 79,Fatal,23,East,,,,,Vehicle turns left while ped crosses with ROW at inter.,Crossing with right of way,Normal,,,,Yes,,Yes,,,,,,,Yes,,,,120,Clairlea-Birchmount,120,Clairlea-Birchmount (120),D41,106
-8847284.06662906,5414601.01448072,80485256,4002804562,2014,2014/08/30 04:00:00+00,459,ST CLAIR AVE W,SYMES RD,39 m East of,Major Arterial,Etobicoke York,5,43.670558,-79.476505,Mid-Block,Non Intersection,No Control,Clear,"Dark, artificial",Dry,Fatal,Pedestrian Collisions,Pedestrian,30 to 34,Fatal,25,East,,,,,Pedestrian hit at mid-block,Walking on Roadway Against Traffic,Other,,,,Yes,,Yes,,,,,,,,,,,90,Junction Area,90,Junction Area (90),D11,107