X,Y,INDEX_,ACCNUM,YEAR,DATE,TIME,STREET1,STREET2,OFFSET,ROAD_CLASS,DISTRICT,WARDNUM,LATITUDE,LONGITUDE,LOCCOORD,ACCLOC,TRAFFCTL,VISIBILITY,LIGHT,RDSFCOND,ACCLASS,IMPACTYPE,INVTYPE,INVAGE,INJURY,FATAL_NO,INITDIR,VEHTYPE,MANOEUVER,DRIVACT,DRIVCOND,PEDTYPE,PEDACT,PEDCOND,CYCLISTYPE,CYCACT,CYCCOND,PEDESTRIAN,CYCLIST,AUTOMOBILE,MOTORCYCLE,TRUCK,TRSN_CITY_VEH,EMERG_VEH,PASSENGER,SPEEDING,AG_DRIV,REDLIGHT,ALCOHOL,DISABILITY,HOOD_158,NEIGHBOURHOOD_158,HOOD_140,NEIGHBOURHOOD_140,DIVISION,ObjectId
-8818713.58535849,5425752.28307354,80217473,4002817424,2014,2014/09/01 04:00:00+00,147,EGLINTON AVE E,MARKHAM RD,76 m West of,Major Arterial,Scarborough,2024,43.742972,-79.219852,Mid-Block,Non Intersection,No Control,Clear,"Dark, artificial",Dry,Fatal,Pedestrian Collisions,Pedestrian,30 to 34,Fatal,26,,,,,,,,,,,,Yes,,,,,Yes,,,,,,,,139,Scarborough Village,139,Scarborough Village (139),D43,108
-8836525.92839982,5412266.48788147,80000046,142879736,2014,2014/09/10 04:00:00+00,620,OKEEFE LANE,DUNDAS SQ,,Laneway,Toronto and East York,13,43.655387,-79.379863,Mid-Block,,No Control,Clear,"Dark, artificial",Dry,Fatal,Pedestrian Collisions,Pedestrian,25 to 29,Fatal,27,Unknown,,,,,Vehicle is reversing and hits pedestrian,Other,Had Been Drinking,,,,Yes,,,,Yes,,,,,,,,,168,Downtown Yonge East,75,Church-Yonge Corridor (75),D51,109
-8838410.56737895,5417212.6102512,80000047,142937129,2014,2014/09/18 04:00:00+00,2001,ST CLAIR AVE W,DEER PARK CRES,,Major Arterial,Toronto and East York,12,43.687525,-79.396793,Mid-Block,,No Control,Clear,"Dark, artificial",Dry,Fatal,Pedestrian Collisions,Pedestrian,75 to 79,Fatal,28,South,,,,,Pedestrian involved in a collision with transit vehicle anywhere along roadway,"Crossing, no Traffic Control",Unknown,,,,Yes,,,,,Yes,,,,,,,,97,Yonge-St.Clair,97,Yonge-St.Clair (97),D53,110
-8842631.57983085,5409507.0875705,80000048,142962876,2014,2014/09/22 04:00:00+00,2059,KING ST W,CLOSE AVE,,Major Arterial,Toronto and East York,4,43.63745,-79.434711,Intersection,,Pedestrian Crossover,Clear,"Dark, artificial",Dry,Fatal,Pedestrian Collisions,Pedestrian,35 to 39,Fatal,29,Unknown,,,,,Pedestrian hit a PXO/ped. Mid-block signal,"Crossing, Pedestrian Crossover",Unknown,,,,Yes,,Yes,,,,,,,Yes,,,,85,South Parkdale,85,South Parkdale (85),D14,111
-8846393.95598068,5414873.88376187,80000049,143015764,2014,2014/09/30 04:00:00+00,1608,ST CLAIR AVE W,KEELE ST,,Major Arterial,Etobicoke York,5,43.672331,-79.468509,Mid-Block,,No Control,Clear,Daylight,Dry,Fatal,Pedestrian Collisions,Pedestrian,70 to 74,Fatal,30,North,,,,,Pedestrian involved in a collision with transit vehicle anywhere along roadway,"Crossing, no Traffic Control",Unknown,,,,Yes,,,,,Yes,,,,,,,,90,Junction Area,90,Junction Area (90),D11,112
-8856034.33520287,5423137.03810676,80000050,143022510,2014,2014/10/01 04:00:00+00,1620,35 IRWIN RD,,,Local,Etobicoke York,1,43.725997,-79.55511,Mid-Block,,No Control,Clear,Daylight,Wet,Fatal,SMV Other,Motorcycle Driver,20 to 24,Fatal,31,East,Motorcycle,Going Ahead,Lost control,Unknown,,,,,,,,,,Yes,,,,,Yes,Yes,,,,5,Elms-Old Rexdale,5,Elms-Old Rexdale (5),D23,113
-8826593.3355143,5424575.60071493,80485686,4003073382,2014,2014/10/09 04:00:00+00,1410,WARDEN AVE,MARBLE ARCH CRES,,Major Arterial,Scarborough,21,43.735335,-79.290637,Intersection,Non Intersection,Traffic Signal,Clear,Daylight,Dry,Fatal,Cyclist Collisions,Cyclist,60 to 64,Fatal,32,East,Bicycle,Going Ahead,,,,,,"Motorist without ROW drives into path of cyclist at inter, lnwy, dwy-Driver not turn.",Driving Properly,Normal,,Yes,Yes,,,,,,,Yes,Yes,,,119,Wexford/Maryvale,119,Wexford/Maryvale (119),D41,114
-8842838.74540321,5409446.02302397,80485688,4003074555,2014,2014/10/09 04:00:00+00,1745,KING ST W,JAMESON AVE,14 m West of,Major Arterial,Toronto and East York,4,43.637053,-79.436572,Mid-Block,Intersection Related,No Control,Clear,Dusk,Dry,Fatal,Pedestrian Collisions,Pedestrian,80 to 84,Fatal,33,North,,,,,Pedestrian hit at mid-block,"Crossing, no Traffic Control",Inattentive,,,,Yes,,,,Yes,,,,,,,,,85,South Parkdale,85,South Parkdale (85),D14,115
-8843576.79362717,5421644.48532436,80000053,143084786,2014,2014/10/11 04:00:00+00,1024,LAWRENCE AVE W,ALLEN X N LAWRENCE RAMP,,Major Arterial,North York,8,43.716307,-79.443202,Intersection,At Intersection,Traffic Signal,Clear,Daylight,Dry,Fatal,Pedestrian Collisions,Pedestrian,65 to 69,Fatal,34,South,,,,,Pedestrian involved in a collision with transit vehicle anywhere along roadway,Crossing with right of way,Normal,,,,Yes,,,,,Yes,,,,,,,,32,Englemount-Lawrence,32,Englemount-Lawrence (32),D13,116
-8827981.15560602,5423111.77514312,80000054,143117140,2014,2014/10/16 04:00:00+00,1927,VICTORIA PARK AVE,EGLINTON AVE E,,Major Arterial,North York,1621,43.725833,-79.303104,Mid-Block,,No Control,Rain,"Dark, artificial",Wet,Fatal,Pedestrian Collisions,Pedestrian,55 to 59,Fatal,35,West,,,,,Pedestrian hit at mid-block,"Crossing, no Traffic Control",Unknown,,,,Yes,,Yes,,,,,,,,,,,119,Wexford/Maryvale,119,Wexford/Maryvale (119),D41,117
-8827868.16632286,5422732.684952,80221527,4003192512,2014,2014/10/28 04:00:00+00,1515,VICTORIA PARK AVE,O CONNOR DR,,Major Arterial,North York,1620,43.723372,-79.302089,Intersection,Intersection Related,Traffic Signal,Other,Daylight,Dry,Fatal,Cyclist Collisions,Cyclist,70 to 74,Fatal,36,South,Bicycle,Going Ahead,,,,,,Motorist turning right on green or amber at signalized intersection strikes cyclist.,Other,Other,,Yes,Yes,,,,,,,,,,,120,Clairlea-Birchmount,120,Clairlea-Birchmount (120),D41,118
-8817828.59540669,5431146.26581361,8000220,143234908,2014,2014/11/04 05:00:00+00,807,ORTON PARK RD,SLAN AVE,,Minor Arterial,Scarborough,24,43.777968,-79.211902,Mid-Block,,No Control,Clear,Daylight,Dry,Fatal,SMV Other,Driver,25 to 29,Fatal,37,North,"Automobile, Station Wagon",Going Ahead,Lost control,Unknown,,,,,,,,,Yes,,,,,,Yes,Yes,,,,135,Morningside,135,Morningside (135),D43,119
-8823045.8059817,5424683.13989215,8000166,143250160,2014,2014/11/06 05:00:00+00,1254,MIDLAND AVE,GILDER DR,,Major Arterial,Scarborough,21,43.736033,-79.258769,Intersection,At Intersection,Traffic Signal,Clear,Daylight,Dry,Fatal,Pedestrian Collisions,Pedestrian,40 to 44,Fatal,38,Unknown,,,,,Pedestrian hit on sidewalk or shoulder,On Sidewalk or Shoulder,Normal,,,,Yes,,Yes,,,,,,,,,,,138,Eglinton East,138,Eglinton East (138),D41,120
-8834257.45981643,5435990.22227657,80222235,4003257164,2014,2014/11/07 05:00:00+00,1247,DON MILLS RD,FRESHMEADOW DR,,Major Arterial,North York,17,43.809378,-79.359485,Mid-Block,Non Intersection,No Control,Clear,Daylight,Dry,Fatal,Pedestrian Collisions,Pedestrian,70 to 74,Fatal,39,East,,,,,Pedestrian hit at mid-block,"Crossing, no Traffic Control",Unknown,,,,Yes,,Yes,,,,,,,,,,,48,Hillcrest Village,48,Hillcrest Village (48),D33,121
-8858208.51617755,5423465.4629283,80501551,4003267619,2014,2014/11/09 05:00:00+00,559,KIPLING AVE,WESTHUMBER BLVD,,Major Arterial,Etobicoke York,1,43.728129,-79.574641,Intersection,At Intersection,Traffic Signal,Clear,"Dark, artificial",Dry,Fatal,Angle,Passenger,20 to 24,Fatal,40,,,,,,,,,,,,,,Yes,,,Yes,,Yes,,Yes,Yes,,,4,Rexdale-Kipling,4,Rexdale-Kipling (4),D23,122
-8844665.60956662,5412708.38845879,8000172,143335677,2014,2014/11/20 05:00:00+00,1245,2440 DUNDAS ST W,,,Minor Arterial,Toronto and East York,4,43.658259,-79.452983,Intersection,At Intersection,Traffic Signal,Clear,Daylight,Dry,Fatal,Pedestrian Collisions,Pedestrian,65 to 69,Fatal,42,East,,,,,Vehicle turns left while ped crosses with ROW at inter.,Crossing with right of way,Unknown,,,,Yes,,Yes,,,,,,,Yes,,,,88,High Park North,88,High Park North (88),D11,123
-8851394.65014609,5428075.58136316,8000170,143339762,2014,2014/11/21 05:00:00+00,600,FINCH AVE W,DRIFTWOOD AVE,,Major Arterial,Etobicoke York,7,43.758048,-79.513431,Intersection,At Intersection,Traffic Signal,Clear,"Dawn, artificial",Dry,Fatal,Pedestrian Collisions,Pedestrian,60 to 64,Fatal,41,North,,,,,Vehicle is going straight thru inter.while ped cross without ROW,Crossing without right of way,Unknown,,,,Yes,,Yes,,,,,,,,,,,25,Glenfield-Jane Heights,25,Glenfield-Jane Heights (25),D31,124
-8833138.92157294,5418749.55948343,8000203,143357519,2014,2014/11/24 05:00:00+00,350,DON VALLEY PARKWAY  N,LEASIDE BDGE,,Major Arterial,Toronto and East York,14,43.697508,-79.349437,Mid-Block,,No Control,Rain,"Dark, artificial",Wet,Fatal,SMV Other,Driver,20 to 24,Fatal,43,North,"Automobile, Station Wagon",Going Ahead,Exceeding Speed Limit,"Ability Impaired, Alcohol",,,,,,,,,Yes,,,,,,Yes,Yes,,Yes,,58,Old East York,58,Old East York (58),D55,125
-8818411.2416215,5431419.77897978,8000204,143362651,2014,2014/11/24 05:00:00+00,1800,ELLESMERE RD,MILITARY TRL,,Major Arterial,Scarborough,24,43.779742,-79.217136,Intersection,At Intersection,Traffic Signal,Clear,"Dark, artificial",Dry,Fatal,Angle,Driver,25 to 29,Fatal,44,South,"Automobile, Station Wagon",Going Ahead,Disobeyed Traffic Control,"Ability Impaired, Alcohol",,,,,,,,,Yes,,,,,,,Yes,Yes,Yes,,135,Morningside,135,Morningside (135),D43,126
-8840104.85002882,5412295.26001256,8000206,143380193,2014,2014/11/27 05:00:00+00,1420,549 COLLEGE ST,,,Major Arterial,Toronto and East York,11,43.655574,-79.412013,Mid-Block,,No Control,Clear,Daylight,Dry,Fatal,SMV Other,Passenger,90 to 94,Fatal,45,,,,,,,,,,,,,,Yes,,,,,Yes,,,,,,81,Trinity-Bellwoods,81,Trinity-Bellwoods (81),D14,127
-8824524.4627779,5425628.86073796,8000222,143440580,2014,2014/12/07 05:00:00+00,944,KENNEDY RD,RANSTONE GDNS,,Major Arterial,Scarborough,21,43.742171,-79.272052,Intersection,,Traffic Signal,Clear,Daylight,Dry,Fatal,Approaching,Driver,80 to 84,Fatal,46,South,"Automobile, Station Wagon",Going Ahead,Lost control,Unknown,,,,,,,,,Yes,,,,,,,,,,,125,Ionview,125,Ionview (125),D41,128
-8831837.81936455,5430815.1006426,8000208,143471771,2014,2014/12/12 05:00:00+00,1320,SHEPPARD AVE E,404 N SHEPPARD W RAMP,,Major Arterial,North York,17,43.77582,-79.337749,Intersection,,Traffic Signal,Clear,Daylight,Wet,Fatal,Turning Movement,Passenger,50 to 54,Fatal,47,,,,,,,,,,,,,,Yes,,,,,Yes,,Yes,Yes,,,53,Henry Farm,53,Henry Farm (53),D33,129
-8830753.23356575,5418228.6954781,8000213,143474139,2014,2014/12/12 05:00:00+00,1840,COXWELL AVE,COSBURN AVE,,Minor Arterial,Toronto and East York,1419,43.694125,-79.328006,Intersection,At Intersection,Traffic Signal,Clear,"Dusk, artificial",Dry,Fatal,Pedestrian Collisions,Pedestrian,40 to 44,Fatal,51,North,,,,,Vehicle turns left while ped crosses with ROW at inter.,Crossing with right of way,Normal,,,,Yes,,Yes,,,,,,,,,,,59,Danforth East York,59,Danforth East York (59),D55,130
-8843962.40434328,5432782.06942016,8000211,143507481,2014,2014/12/18 05:00:00+00,843,6030 BATHURST ST,,,Major Arterial,North York,618,43.788577,-79.446666,Mid-Block,,No Control,Clear,Daylight,Dry,Fatal,Pedestrian Collisions,Pedestrian,75 to 79,Fatal,50,East,,,,,Pedestrian hit at mid-block,Running onto Roadway,Inattentive,,,,Yes,,Yes,,,,,Yes,,,,,,36,Newtonbrook West,36,Newtonbrook West (36),D32,131
-8819575.6434952,5437050.6497322,80485919,4003516677,2014,2014/12/19 05:00:00+00,1740,FINCH AVE E,NEILSON RD,,Minor Arterial,Scarborough,2325,43.816252,-79.227596,Intersection,At Intersection,Traffic Signal,Clear,Dark,Dry,Fatal,Pedestrian Collisions,Pedestrian,10 to 14,Fatal,48,West,,,,,Vehicle turns right while ped crosses with ROW at inter.,Other,Other,,,,Yes,,,,,Yes,,,,Yes,,,,145,Malvern West,132,Malvern (132),D42,132
-8829359.51354102,5430999.18260718,80485976,4003563376,2014,2014/12/28 05:00:00+00,1809,SHEPPARD AVE E,BRIDLEWOOD BLVD,37 m West of,Major Arterial,Scarborough,22,43.777014,-79.315486,Intersection,Non Intersection,No Control,Clear,"Dark, artificial",Dry,Fatal,Pedestrian Collisions,Pedestrian,80 to 84,Fatal,49,South,,,,,Pedestrian hit at mid-block,"Crossing, no Traffic Control",Inattentive,,,,Yes,,,,Yes,,,Yes,,,,,,118,Tam O'Shanter-Sullivan,118,Tam O'Shanter-Sullivan (118),D42,133
-8833533.88312628,5414376.16886357,80000105,,2015,2015/01/11 05:00:00+00,353,477 BROADVIEW AVE,,,Minor Arterial,Toronto and East York,14,43.669097,-79.352985,Mid-Block,,No Control,Clear,"Dark, artificial",Dry,Fatal,SMV Other,Driver,20 to 24,Fatal,1,South,"Automobile, Station Wagon",Going Ahead,Lost control,Unknown,,,,,,,,,Yes,,,,,,Yes,Yes,,,,68,North Riverdale,68,North Riverdale (68),D55,134
-8842813.25323982,5411714.75728827,80229109,,2015,2015/01/25 05:00:00+00,756,COLLEGE ST,BROCK AVE,2 m West of,Minor Arterial,Toronto and East York,9,43.651801,-79.436343,Intersection,At Intersection,Traffic Signal,Clear,Daylight,Dry,Fatal,Pedestrian Collisions,Pedestrian,55 to 59,Fatal,2,South,,,,,Vehicle turns left while ped crosses with ROW at inter.,Crossing with right of way,Medical or Physical Disability,,,,Yes,,Yes,,,,,,,Yes,,,,84,Little Portugal,84,Little Portugal (84),D11,135
-8826668.92144854,5429213.86593223,8000333,,2015,2015/01/28 05:00:00+00,617,1792 BIRCHMOUNT RD,,,Major Arterial,Scarborough,21,43.765433,-79.291316,Mid-Block,,No Control,Clear,Dark,Dry,Fatal,Pedestrian Collisions,Pedestrian,55 to 59,Fatal,3,West,,,,,Pedestrian hit at mid-block,"Crossing, no Traffic Control",Inattentive,,,,Yes,,Yes,,,,,,,,,,,126,Dorset Park,126,Dorset Park (126),D41,136
-8822898.08501741,5422275.51765941,80000091,,2015,2015/02/05 05:00:00+00,1701,750 DANFORTH RD,,,Major Arterial,Scarborough,20,43.720404,-79.257442,Mid-Block,,No Control,Clear,"Daylight, artificial",Wet,Fatal,Pedestrian Collisions,Pedestrian,85 to 89,Fatal,4,North,,,,,Pedestrian hit at mid-block,"Crossing, no Traffic Control",Unknown,,,,Yes,,Yes,,,,,,,Yes,,,,124,Kennedy Park,124,Kennedy Park (124),D41,137
-8849966.97767667,5407063.59011698,80000073,,2015,2015/02/13 05:00:00+00,1516,ROYAL YORK RD,MANITOBA ST,,Minor Arterial,Etobicoke York,3,43.621562,-79.500606,Intersection,,No Control,Other,Daylight,Other,Fatal,Other,Passenger,75 to 79,Fatal,5,,,,,,,,,,,,,,,,,Yes,,Yes,,,,,,160,Mimico-Queensway,17,Mimico (includes Humber Bay Shores) (17),D22,138
-8827851.13444077,5436414.59458259,80000072,,2015,2015/02/16 05:00:00+00,644,KENNEDY RD,MCNICOLL AVE,,Major Arterial,Scarborough,22,43.812129,-79.301936,Intersection,At Intersection,Traffic Signal,Clear,Dawn,Dry,Fatal,Pedestrian Collisions,Pedestrian,65 to 69,Fatal,6,East,,,,,Vehicle is going straight thru inter.while ped cross with ROW,Crossing with right of way,Unknown,,,,Yes,,Yes,,,,,,,Yes,Yes,,,130,Milliken,130,Milliken (130),D42,139
-8841991.15880031,5411360.90391929,80781642,,2017,2017/08/25 04:00:00+00,1130,DUNDAS ST W,GLADSTONE AVE,60 m East of,Minor Arterial,Toronto and East York,9,43.649501,-79.428958,Mid-Block,Non Intersection,No Control,Clear,Dark,Dry,Fatal,Pedestrian Collisions,Pedestrian,30 to 34,Fatal,39,North,,,,,Pedestrian hit at mid-block,Running onto Roadway,Had Been Drinking,,,,Yes,,Yes,,,,,,,,,,,84,Little Portugal,84,Little Portugal (84),D14,140
-8835516.92853527,5412628.53090543,80496365,,2015,2015/02/18 05:00:00+00,104,SHERBOURNE ST,DUNDAS ST E,50 m South of,Minor Arterial,Toronto and East York,13,43.65774,-79.370799,Mid-Block,Intersection Related,No Control,Clear,"Dark, artificial",Wet,Fatal,Pedestrian Collisions,Pedestrian,55 to 59,Fatal,7,Unknown,,,,,Pedestrian hit at mid-block,"Crossing, no Traffic Control",Other,,,,Yes,,Yes,,,,,,Yes,Yes,,,,73,Moss Park,73,Moss Park (73),D51,141
-8821297.97865675,5436542.78940697,80000076,,2015,2015/03/04 05:00:00+00,1639,FINCH AVE E,MARKHAM RD,,Major Arterial,Scarborough,23,43.81296,-79.243068,Intersection,At Intersection,Traffic Signal,Clear,Daylight,Dry,Fatal,Pedestrian Collisions,Pedestrian,60 to 64,Fatal,8,Unknown,,,,,Vehicle turns right while ped crosses with ROW at inter.,Crossing with right of way,Normal,,,,Yes,,,,Yes,,,,,Yes,,,,145,Malvern West,132,Malvern (132),D42,142
-8857699.78610463,5428440.71109963,80558756,,2015,2015/03/04 05:00:00+00,1935,MILLWICK DR,PLUNKETT RD,,Minor Arterial,Etobicoke York,7,43.760417,-79.570071,Intersection,Intersection Related,Traffic Signal,Clear,"Dark, artificial",Dry,Fatal,Pedestrian Collisions,Pedestrian,80 to 84,Fatal,9,South,,,,,Vehicle turns right while ped crosses with ROW at inter.,Crossing with right of way,Normal,,,,Yes,,Yes,,,,,,,Yes,,,,21,Humber Summit,21,Humber Summit (21),D31,143
-8831279.7747572,5417475.24217166,80000080,,2015,2015/03/10 04:00:00+00,645,452 MORTIMER AVE,,,Minor Arterial,Toronto and East York,14,43.689231,-79.332736,Intersection,,No Control,Clear,"Dawn, artificial",Wet,Fatal,Pedestrian Collisions,Pedestrian,85 to 89,Fatal,10,South,,,,,Pedestrian hit at mid-block,"Crossing, no Traffic Control",Unknown,,,,Yes,,Yes,,,,,,,,,,,59,Danforth East York,59,Danforth East York (59),D55,144
-8840904.90320915,5433716.74641581,80234707,,2015,2015/03/19 04:00:00+00,1645,6212 YONGE ST,,,Major Arterial,North York,18,43.794638,-79.4192,Mid-Block,At/Near Private Drive,No Control,Clear,Daylight,Dry,Fatal,Pedestrian Collisions,Pedestrian,80 to 84,Fatal,16,North,,,,,Pedestrian hit at private driveway,On Sidewalk or Shoulder,Normal,,,,Yes,,Yes,,,,,,,Yes,,,,50,Newtonbrook East,50,Newtonbrook East (50),D32,145
-8832478.12907559,5417982.51547548,80000088,,2015,2015/03/20 04:00:00+00,58,262 TORRENS AVE,,,Local,Toronto and East York,14,43.692526,-79.343501,Mid-Block,,No Control,Clear,Dark,Dry,Fatal,Pedestrian Collisions,Pedestrian,85 to 89,Fatal,11,North,,,,,Pedestrian hit on sidewalk or shoulder,On Sidewalk or Shoulder,Unknown,,,,Yes,,Yes,,,,,,,,,,,58,Old East York,58,Old East York (58),D55,146
-8841980.13817072,5416213.26093993,80496487,,2015,2015/03/20 04:00:00+00,2010,ST CLAIR AVE W,ARLINGTON AVE,,Major Arterial,Toronto and East York,12,43.681033,-79.428859,Intersection,At Intersection,Traffic Signal,Clear,"Dark, artificial",Dry,Fatal,Pedestrian Collisions,Pedestrian,80 to 84,Fatal,14,South,,,,,Pedestrian involved in a collision with transit vehicle anywhere along roadway,Crossing with right of way,Medical or Physical Disability,,,,Yes,,,,,Yes,,,,Yes,,,,94,Wychwood,94,Wychwood (94),D13,147
-8827929.28072331,5422938.94135684,80496511,,2015,2015/03/27 04:00:00+00,2053,EGLINTON AVE E,VICTORIA PARK AVE,3 m West of,Major Arterial,North York,162120,43.724711,-79.302638,Intersection,Non Intersection,No Control,Clear,"Dark, artificial",Dry,Fatal,Pedestrian Collisions,Pedestrian,55 to 59,Fatal,12,Unknown,,,,,Vehicle is going straight thru inter.while ped cross without ROW,"Crossing, no Traffic Control",Other,,,,Yes,,Yes,,,,,Yes,,,,,,120,Clairlea-Birchmount,120,Clairlea-Birchmount (120),D41,148
-8844877.11659913,5426633.39086689,80496514,,2015,2015/03/28 04:00:00+00,1240,REINER RD,WILSON HEIGHTS BLVD,,Minor Arterial,North York,6,43.74869,-79.454883,Intersection,At Intersection,Traffic Signal,Clear,Daylight,Dry,Fatal,Pedestrian Collisions,Pedestrian,75 to 79,Fatal,13,West,,,,,Vehicle turns left while ped crosses with ROW at inter.,Crossing with right of way,Other,,,,Yes,,Yes,,,,,,,Yes,,,,33,Clanton Park,33,Clanton Park (33),D32,149
-8840116.76121434,5409503.54981499,80000100,,2015,2015/04/01 04:00:00+00,2308,F G GARDINER XY  W,STRACHAN AVE,,,Toronto and East York,10,43.637427,-79.41212,Mid-Block,,No Control,Clear,"Dark, artificial",Dry,Fatal,SMV Other,Motorcycle Driver,unknown,Fatal,15,West,Motorcycle,Going Ahead,Exceeding Speed Limit,Unknown,,,,,,,,,,Yes,,,,,Yes,Yes,,,,163,Fort York-Liberty Village,82,Niagara (82),D14,150
-8833509.17019932,5413871.86358845,80496557,,2015,2015/04/04 04:00:00+00,2010,BROADVIEW AVE,GERRARD ST E,31 m North of,Minor Arterial,Toronto and East York,14,43.66582,-79.352763,Mid-Block,Non Intersection,No Control,Rain,"Dark, artificial",Wet,Fatal,Pedestrian Collisions,Pedestrian,60 to 64,Fatal,17,Unknown,,,,,Pedestrian involved in a collision with transit vehicle anywhere along roadway,"Crossing, no Traffic Control",Had Been Drinking,,,,Yes,,,,,Yes,,,,,,,,68,North Riverdale,68,North Riverdale (68),D55,151
-8849887.16160177,5422623.47412943,8000330,,2015,2015/04/13 04:00:00+00,1734,WILSON AVE,WILLIAM CRAGG DR,,Major Arterial,North York,6,43.722663,-79.499889,Mid-Block,,No Control,Clear,Daylight,Dry,Fatal,Rear End,Driver,85 to 89,Fatal,18,West,"Automobile, Station Wagon",Going Ahead,Following too Close,Inattentive,,,,,,,,,Yes,,,Yes,,,,Yes,,,,154,Oakdale-Beverley Heights,26,Downsview-Roding-CFB (26),D31,152
-8832353.33992641,5413659.96201868,80496656,,2015,2015/04/20 04:00:00+00,1405,1159 DUNDAS ST E,,6 m West of,Minor Arterial,Toronto and East York,14,43.664443,-79.34238,Mid-Block,Non Intersection,No Control,Clear,Daylight,Dry,Fatal,Pedestrian Collisions,Pedestrian,30 to 34,Fatal,19,Unknown,,,,,Pedestrian hit on sidewalk or shoulder,On Sidewalk or Shoulder,Normal,,,,Yes,,Yes,,,,,Yes,,Yes,,,,70,South Riverdale,70,South Riverdale (70),D55,153
-8834964.89518042,5414765.38147486,80000127,,2015,2015/05/07 04:00:00+00,100,ROSEDALE VALLEY RD,BAYVIEW AVE,,Minor Arterial,Toronto and East York,1113,43.671626,-79.36584,Mid-Block,Non Intersection,No Control,Clear,"Dark, artificial",Dry,Fatal,SMV Other,Motorcycle Driver,25 to 29,Fatal,20,West,Motorcycle,Going Ahead,Lost control,Unknown,,,,,,,,,,Yes,,,,Yes,Yes,Yes,,,,71,Cabbagetown-South St.James Town,71,Cabbagetown-South St.James Town (71),D51,154
-8821777.87698156,5424549.1012821,80000132,,2015,2015/05/13 04:00:00+00,2208,DANFORTH RD,BRIMLEY RD,,Major Arterial,Scarborough,20,43.735163,-79.247379,Intersection,At Intersection,Traffic Signal,Clear,Dark,Dry,Fatal,Pedestrian Collisions,Pedestrian,30 to 34,Fatal,21,North,,,,,Vehicle is going straight thru inter.while ped cross without ROW,Crossing without right of way,Unknown,,,,Yes,,Yes,,,,,,,,,,,138,Eglinton East,138,Eglinton East (138),D43,155
-8845204.95249952,5412232.94615193,80238841,,2015,2015/05/16 04:00:00+00,325,BLOOR ST W,INDIAN GRV,50 m West of,Major Arterial,Toronto and East York,4,43.655169,-79.457828,Mid-Block,Non Intersection,No Control,Clear,"Dark, artificial",Dry,Fatal,Pedestrian Collisions,Pedestrian,40 to 44,Fatal,23,North,,,,,Pedestrian hit at mid-block,"Crossing, no Traffic Control",Had Been Drinking,,,,Yes,,Yes,,,,,Yes,,,,,,87,High Park-Swansea,87,High Park-Swansea (87),D11,156
-8836798.54983277,5415965.44150829,80000143,,2015,2015/05/19 04:00:00+00,823,ROXBOROUGH ST E,WRENTHAM PL,,Collector,Toronto and East York,11,43.679423,-79.382312,Intersection,,Stop Sign,Clear,"Daylight, artificial",Dry,Fatal,Cyclist Collisions,Cyclist,75 to 79,Fatal,26,North,Bicycle,Turning Left,,,,,,Cyclist turned left across motorists path.,Improper Turn,Unknown,,Yes,Yes,,,,,,,,,,,98,Rosedale-Moore Park,98,Rosedale-Moore Park (98),D53,157
-8832182.57582754,5423390.90392252,80496869,,2015,2015/05/22 04:00:00+00,822,DON MILLS RD,GREEN BELT DR,,Major Arterial,North York,16,43.727645,-79.340846,Intersection,Intersection Related,Traffic Signal,Clear,Daylight,Dry,Fatal,Pedestrian Collisions,Pedestrian,45 to 49,Fatal,22,Unknown,,,,,Pedestrian hit on sidewalk or shoulder,On Sidewalk or Shoulder,Normal,,,,Yes,,Yes,,,,,,,Yes,,,,42,Banbury-Don Mills,42,Banbury-Don Mills (42),D33,158