X,Y,INDEX_,ACCNUM,YEAR,DATE,TIME,STREET1,STREET2,OFFSET,ROAD_CLASS,DISTRICT,WARDNUM,LATITUDE,LONGITUDE,LOCCOORD,ACCLOC,TRAFFCTL,VISIBILITY,LIGHT,RDSFCOND,ACCLASS,IMPACTYPE,INVTYPE,INVAGE,INJURY,FATAL_NO,INITDIR,VEHTYPE,MANOEUVER,DRIVACT,DRIVCOND,PEDTYPE,PEDACT,PEDCOND,CYCLISTYPE,CYCACT,CYCCOND,PEDESTRIAN,CYCLIST,AUTOMOBILE,MOTORCYCLE,TRUCK,TRSN_CITY_VEH,EMERG_VEH,PASSENGER,SPEEDING,AG_DRIV,REDLIGHT,ALCOHOL,DISABILITY,HOOD_158,NEIGHBOURHOOD_158,HOOD_140,NEIGHBOURHOOD_140,DIVISION,ObjectId
-8856518.46366833,5417665.98598066,80496954,,2015,2015/05/27 04:00:00+00,2120,TANGAMO RD,MOFORD CRES,17 m North of,Local,Etobicoke York,2,43.69047,-79.559459,Intersection,Non Intersection,Stop Sign,Clear,"Dark, artificial",Dry,Fatal,SMV Other,Driver,15 to 19,Fatal,24,South,"Automobile, Station Wagon",Going Ahead,Other,Unknown,,,,,,,,,Yes,,,,,,,,,,,7,Willowridge-Martingrove-Richview,7,Willowridge-Martingrove-Richview (7),D23,159
-8842152.57206196,5413119.8427472,80000141,,2015,2015/05/31 04:00:00+00,2104,BLOOR ST W,WESTMORELAND AVE,,Major Arterial,Toronto and East York,9,43.660933,-79.430408,Intersection,,No Control,Rain,Dusk,Wet,Fatal,Pedestrian Collisions,Pedestrian,35 to 39,Fatal,25,South,,,,,Pedestrian hit at mid-block,"Crossing, no Traffic Control",Normal,,,,Yes,,Yes,,,,,,Yes,Yes,,,,83,Dufferin Grove,83,Dufferin Grove (83),D14,160
-8821559.57946012,5427688.73532082,80503039,,2015,2015/06/02 04:00:00+00,1233,LAWRENCE AVE E,MCCOWAN RD,,Major Arterial,Scarborough,2124,43.755538,-79.245418,Intersection,At Intersection,Traffic Signal,Clear,Daylight,Dry,Fatal,Pedestrian Collisions,Pedestrian,70 to 74,Fatal,27,North,,,,,Vehicle is going straight thru inter.while ped cross without ROW,Crossing without right of way,Unknown,,,,Yes,,Yes,,,,,,,,,,,157,Bendale South,127,Bendale (127),D43,161
-8850781.39107131,5428264.23249071,80497075,,2015,2015/06/11 04:00:00+00,24,FINCH AVE W,TOBERMORY DR,,Major Arterial,Etobicoke York,7,43.759272,-79.507922,Intersection,At Intersection,Traffic Signal,Clear,"Dark, artificial",Dry,Fatal,Cyclist Collisions,Cyclist,40 to 44,Fatal,28,West,Bicycle,Going Ahead,,,,,,Cyclist and Driver travelling in same direction. One vehicle rear-ended the other.,Driving Properly,Unknown,,Yes,Yes,,,,,,Yes,Yes,,Yes,,25,Glenfield-Jane Heights,25,Glenfield-Jane Heights (25),D31,162
-8840202.58854174,5429804.25707259,80241216,,2015,2015/06/11 04:00:00+00,1322,YONGE ST,EMPRESS AVE,,Major Arterial,North York,18,43.769263,-79.412891,Intersection,At Intersection,Traffic Signal,Clear,Daylight,Dry,Fatal,Pedestrian Collisions,Pedestrian,65 to 69,Fatal,29,,,,,,Pedestrian hit on sidewalk or shoulder,On Sidewalk or Shoulder,Normal,,,,Yes,,Yes,,,,,,,,,,,151,Yonge-Doris,51,Willowdale East (51),D32,163
-8850174.14324903,5407230.12976074,80000147,,2015,2015/06/13 04:00:00+00,300,F G GARDINER XY  W,ROYAL YORK RD,,,Etobicoke York,3,43.622645,-79.502467,Mid-Block,,No Control,Rain,Dark,Wet,Fatal,SMV Other,Driver,20 to 24,Fatal,30,West,"Automobile, Station Wagon",Going Ahead,Exceeding Speed Limit,Unknown,,,,,,,,,Yes,,,,,,Yes,Yes,,,,16,Stonegate-Queensway,16,Stonegate-Queensway (16),D22,164
-8838388.41480028,5415240.33849623,80497099,,2015,2015/06/13 04:00:00+00,2320,AVENUE RD,DAVENPORT RD,,Major Arterial,Toronto and East York,11,43.674712,-79.396594,Intersection,At Intersection,Traffic Signal,Clear,"Dark, artificial",Dry,Fatal,Cyclist Collisions,Cyclist,25 to 29,Fatal,31,South,Bicycle,Turning Left,,,,,,Cyclist turned left across motorists path.,Failed to Yield Right of Way,Normal,,Yes,Yes,,,,,,,,,,,95,Annex,95,Annex (95),D53,165
-8843959.84399499,5417102.84894791,80143414,,2015,2015/06/26 04:00:00+00,2150,2058 DUFFERIN ST,,,Major Arterial,Toronto and East York,912,43.686812,-79.446643,Mid-Block,,No Control,Clear,"Dark, artificial",Dry,Fatal,Pedestrian Collisions,Pedestrian,80 to 84,Fatal,32,West,,,,,Pedestrian hit at mid-block,"Crossing, no Traffic Control",Normal,,,,Yes,,Yes,,,,,,,,,,,109,Caledonia-Fairbank,109,Caledonia-Fairbank (109),D13,166
-8853109.41558227,5407790.97368982,80502529,,2015,2015/07/06 04:00:00+00,8,KIPLING AVE,JUTLAND RD,,Major Arterial,Etobicoke York,3,43.626292,-79.528835,Intersection,Intersection Related,No Control,Clear,"Dark, artificial",Dry,Fatal,Turning Movement,Motorcycle Driver,25 to 29,Fatal,33,North,Motorcycle,Going Ahead,Exceeding Speed Limit,Unknown,,,,,,,,,Yes,Yes,,,,Yes,Yes,Yes,,,,159,Etobicoke City Centre,14,Islington-City Centre West (14),D22,167
-8838146.40622729,5423091.7496723,80197010,,2015,2015/07/14 04:00:00+00,2137,BUCKINGHAM AVE,DINNICK CRES,,Local,North York,15,43.725703,-79.39442,Intersection,,Stop Sign,Other,"Dark, artificial",Other,Fatal,Pedestrian Collisions,Pedestrian,70 to 74,Fatal,34,North,,,,,Vehicle turns left while ped crosses with ROW at inter.,Crossing with right of way,Normal,,,,Yes,,Yes,,,,,,,Yes,,,,103,Lawrence Park South,103,Lawrence Park South (103),D53,168
-8811604.94531542,5433412.63057849,80487332,,2015,2015/07/26 04:00:00+00,1328,6486 KINGSTON RD,,15 m West of,Minor Arterial,Scarborough,25,43.792666,-79.155994,Mid-Block,Non Intersection,No Control,Clear,Daylight,Dry,Fatal,Turning Movement,Motorcycle Driver,30 to 34,Fatal,35,East,Motorcycle,Going Ahead,Exceeding Speed Limit,Normal,,,,,,,,,Yes,Yes,,,,Yes,Yes,Yes,,,,133,Centennial Scarborough,133,Centennial Scarborough (133),D43,169
-8847624.5929514,5421496.47544403,80246780,,2015,2015/08/04 04:00:00+00,1136,KEELE STREET,MAPLE LEAF DRIVE,40 m North of,Major Arterial,Etobicoke York,5,43.715346,-79.479564,Mid-Block,Non Intersection,No Control,Clear,Daylight,Dry,Fatal,Sideswipe,Driver,85 to 89,Fatal,37,North,"Automobile, Station Wagon",Going Ahead,Lost control,Normal,,,,,,,,,Yes,,Yes,,,Yes,,,,,,29,Maple Leaf,29,Maple Leaf (29),D12,170
-8813278.85649848,5435909.08316013,80487904,,2015,2015/08/09 04:00:00+00,2110,MEADOWVALE RD,SHEPPARD AVE E,35 m North of,Collector,Scarborough,25,43.808852,-79.171031,Mid-Block,Intersection Related,No Control,Clear,"Dark, artificial",Dry,Fatal,Pedestrian Collisions,Pedestrian,35 to 39,Fatal,36,Unknown,,,,,Pedestrian hit at mid-block,"Crossing, no Traffic Control",Normal,,,,Yes,,Yes,,,,,,,,,,,144,Morningside Heights,131,Rouge (131),D42,171
-8820429.13003111,5428023.79545421,80488136,,2015,2015/08/16 04:00:00+00,42,BELLAMY RD N,LAWRENCE AVE E,,Major Arterial,Scarborough,2124,43.757712,-79.235263,Intersection,Intersection Related,Traffic Signal,Clear,"Dark, artificial",Dry,Fatal,Angle,Passenger,25 to 29,Fatal,38,,,,,,,,,,,,,,Yes,,,,,Yes,,Yes,Yes,Yes,,141,Golfdale-Cedarbrae-Woburn,137,Woburn (137),D43,172
-8836684.78131318,5424213.55109449,80488161,,2015,2015/08/16 04:00:00+00,1210,2350 BAYVIEW AVE,,,Major Arterial,North York,15,43.732985,-79.38129,Intersection,Intersection Related,Traffic Signal,Clear,Daylight,Dry,Fatal,Turning Movement,Driver,85 to 89,Fatal,40,South,"Automobile, Station Wagon",Going Ahead,Disobeyed Traffic Control,Inattentive,,,,,,,,,Yes,,,,,,,Yes,Yes,,,41,Bridle Path-Sunnybrook-York Mills,41,Bridle Path-Sunnybrook-York Mills (41),D32,173
-8844669.83970727,5433125.02518831,80488485,,2015,2015/08/24 04:00:00+00,1325,STEELES AVE W,TORRESDALE AVE,1 m East of,Major Arterial,North York,6,43.790801,-79.453021,Intersection,At Intersection,Traffic Signal,Clear,Daylight,Dry,Fatal,Pedestrian Collisions,Pedestrian,85 to 89,Fatal,39,Unknown,,,,,Vehicle is going straight thru inter.while ped cross without ROW,Crossing without right of way,Medical or Physical Disability,,,,Yes,,Yes,,,,,,,,,,,35,Westminster-Branson,35,Westminster-Branson (35),D32,174
-8847872.61277688,5407311.01713365,80197024,,2015,2015/09/03 04:00:00+00,736,PARK LAWN RD,LAKE SHORE BLVD W,,Major Arterial,Etobicoke York,3,43.623171,-79.481792,Mid-Block,,No Control,Clear,Daylight,Dry,Fatal,Pedestrian Collisions,Pedestrian,70 to 74,Fatal,41,West,,,,,Pedestrian hit at mid-block,"Crossing, no Traffic Control",Normal,,,,Yes,,,,Yes,,,,,,,,,161,Humber Bay Shores,17,Mimico (includes Humber Bay Shores) (17),D22,175
-8844188.2715901,5428550.60734587,80488918,,2015,2015/09/05 04:00:00+00,1652,MAXWELL ST,HOVE ST,40 m South of,Local,North York,6,43.76113,-79.448695,Intersection,Non Intersection,No Control,Clear,Daylight,Dry,Fatal,SMV Other,Passenger,90 to 94,Fatal,45,,,,,,,,,,,,,,Yes,,,,,Yes,,,,,,34,Bathurst Manor,34,Bathurst Manor (34),D32,176
-8842679.11325341,5408876.31178361,80488952,,2015,2015/09/06 04:00:00+00,1034,LAKE SHORE BLVD W,JAMESON AVE,1 m West of,Major Arterial,Toronto and East York,4,43.633349,-79.435138,Mid-Block,Non Intersection,No Control,Clear,Daylight,Dry,Fatal,SMV Other,Motorcycle Driver,55 to 59,Fatal,42,East,Motorcycle,Going Ahead,Lost control,Unknown,,,,,,,,,,Yes,,,,,,,,,,85,South Parkdale,85,South Parkdale (85),D14,177
-8830552.85848232,5413617.02830589,80489505,,2015,2015/09/18 04:00:00+00,610,QUEEN ST E,HILTZ AVE,5 m West of,Minor Arterial,Toronto and East York,14,43.664164,-79.326206,Intersection,Non Intersection,No Control,Clear,Dark,Dry,Fatal,Approaching,Motorcycle Driver,35 to 39,Fatal,43,East,Motorcycle,Going Ahead,Lost control,Inattentive,,,,,,,,,,Yes,,Yes,,,,,,,,65,Greenwood-Coxwell,65,Greenwood-Coxwell (65),D55,178
-8824418.26398369,5429596.15144274,80489600,,2015,2015/09/20 04:00:00+00,2000,MIDLAND AVE,ELLESMERE RD,,Major Arterial,Scarborough,21,43.767913,-79.271098,Intersection,At Intersection,Traffic Signal,Clear,"Dark, artificial",Dry,Fatal,Turning Movement,Passenger,80 to 84,Fatal,44,,,,,,,,,,,,,,Yes,,,,,Yes,,,,,,156,Bendale-Glen Andrew,127,Bendale (127),D41,179
-8834954.76510676,5412257.56392319,80251173,,2015,2015/09/22 04:00:00+00,1751,QUEEN ST E,BERKELEY ST,2 m West of,Major Arterial,Toronto and East York,13,43.655329,-79.365749,Intersection,Intersection Related,No Control,Clear,Daylight,Dry,Fatal,Pedestrian Collisions,Pedestrian,90 to 94,Fatal,52,South,,,,,Vehicle is going straight thru inter.while ped cross without ROW,Crossing without right of way,Normal,,,,Yes,,Yes,,,,,,,,,,,73,Moss Park,73,Moss Park (73),D51,180
-8844395.54848196,5409774.57657281,80489687,,2015,2015/09/24 04:00:00+00,636,THE QUEENSWAY,GLENDALE AVE,57 m East of,Major Arterial,Toronto and East York,4,43.639189,-79.450557,Mid-Block,At Intersection,No Control,Clear,"Dark, artificial",Dry,Fatal,Pedestrian Collisions,Pedestrian,75 to 79,Fatal,51,North,,,,,Pedestrian hit at mid-block,"Crossing, no Traffic Control",Normal,,,,Yes,,Yes,,,,,,,,,,,87,High Park-Swansea,87,High Park-Swansea (87),D11,181
-8856763.92314552,5410806.30448847,80489774,,2015,2015/09/26 04:00:00+00,1,BURNHAMTHORPE RD,427 C N BURNHAMTHORPE RAMP,,Major Arterial,Etobicoke York,2,43.645896,-79.561664,Intersection,At Intersection,Traffic Signal,Clear,"Dark, artificial",Dry,Fatal,Turning Movement,Driver,30 to 34,Fatal,47,East,"Automobile, Station Wagon",Going Ahead,Disobeyed Traffic Control,"Ability Impaired, Alcohol",,,,,,,,,Yes,,,,,,Yes,Yes,Yes,Yes,,158,Islington,14,Islington-City Centre West (14),D22,182
-8846722.68243699,5423690.53002762,80489966,,2015,2015/09/30 04:00:00+00,2355,WILSON AVE,MURRAY RD,,Major Arterial,North York,6,43.72959,-79.471462,Intersection,At Intersection,No Control,Clear,"Dark, artificial",Dry,Fatal,Turning Movement,Motorcycle Passenger,20 to 24,Fatal,46,,,,,,,,,,,,,,Yes,Yes,,,,Yes,Yes,Yes,,,,155,Downsview,26,Downsview-Roding-CFB (26),D32,183
-8854436.78919049,5411544.5982812,80490007,,2015,2015/10/03 04:00:00+00,351,BURNHAMTHORPE RD,PRENNAN AVE,1 m East of,Major Arterial,Etobicoke York,2,43.650695,-79.540759,Intersection,Non Intersection,No Control,Clear,Dark,Dry,Fatal,SMV Other,Passenger,40 to 44,Fatal,48,,,,,,,,,,,,,,Yes,,,,,Yes,Yes,Yes,,,,158,Islington,14,Islington-City Centre West (14),D22,184
-8816600.51878426,5435339.43263774,80490055,,2015,2015/10/06 04:00:00+00,621,MORNINGSIDE AVE,SHEPPARD AVE E,358 m North of,Major Arterial,Scarborough,25,43.805159,-79.20087,Mid-Block,Non Intersection,No Control,Clear,"Dawn, artificial",Dry,Fatal,Rear End,Driver,50 to 54,Fatal,49,South,"Automobile, Station Wagon",Going Ahead,Lost control,Unknown,,,,,,,,,Yes,,,Yes,,,,,,,,146,Malvern East,132,Malvern (132),D42,185
-8854507.36574765,5416856.85289748,80197062,,2015,2015/10/10 04:00:00+00,1919,ISLINGTON AVE,DEERFOOT RD,,Major Arterial,Etobicoke York,2,43.685214,-79.541393,Intersection,,No Control,Clear,Dark,Dry,Fatal,Pedestrian Collisions,Pedestrian,20 to 24,Fatal,50,Unknown,,,,,Vehicle is going straight thru inter.while ped cross without ROW,"Crossing, no Traffic Control",Inattentive,,,,Yes,,Yes,,,,,,Yes,Yes,,,,7,Willowridge-Martingrove-Richview,7,Willowridge-Martingrove-Richview (7),D23,186
-8846872.07319363,5416808.0547102,80491048,,2015,2015/10/23 04:00:00+00,1437,KEELE ST,DONALD AVE,,Major Arterial,Etobicoke York,5,43.684897,-79.472804,Intersection,Intersection Related,Traffic Signal,Clear,Daylight,Dry,Fatal,Pedestrian Collisions,Pedestrian,75 to 79,Fatal,53,East,,,,,Vehicle turns left while ped crosses with ROW at inter.,Crossing with right of way,Normal,,,,Yes,,Yes,,,,,,,,,,,110,Keelesdale-Eglinton West,110,Keelesdale-Eglinton West (110),D12,187
-8860224.84611429,5420881.35887473,80491926,,2015,2015/11/03 05:00:00+00,1755,HIGHWAY 27  N,VICE REGENT BLVD,,Major Arterial,Etobicoke York,1,43.711352,-79.592754,Intersection,Intersection Related,No Control,Clear,"Dark, artificial",Dry,Fatal,Cyclist Collisions,Cyclist,55 to 59,Fatal,54,East,Bicycle,Going Ahead,,,,,,"Cyclist without ROW rides into path of motorist at inter, lnwy, dwy-Cyclist not turn.",Other,Unknown,,Yes,Yes,,,,,,,,,,,1,West Humber-Clairville,1,West Humber-Clairville (1),D23,188
-8850325.31511753,5419574.87270213,80492560,,2015,2015/11/11 05:00:00+00,2004,LAWRENCE AVE W,JANE ST,5 m West of,Major Arterial,Etobicoke York,5,43.702868,-79.503825,Intersection,Non Intersection,No Control,Clear,"Dark, artificial",Dry,Fatal,Pedestrian Collisions,Pedestrian,85 to 89,Fatal,55,South,,,,,Pedestrian hit at mid-block,"Crossing, no Traffic Control",Inattentive,,,,Yes,,Yes,,,,,,,,,,,30,Brookhaven-Amesbury,30,Brookhaven-Amesbury (30),D12,189
-8841544.43368376,5419053.96213297,80492721,,2015,2015/11/14 05:00:00+00,825,1996 BATHURST ST,,,Major Arterial,Toronto and East York,12,43.699485,-79.424945,Mid-Block,Non Intersection,No Control,Clear,Daylight,Dry,Fatal,Pedestrian Collisions,Pedestrian,85 to 89,Fatal,65,,"Automobile, Station Wagon",,,,Pedestrian hit at parking lot,Other,Normal,,,,Yes,,Yes,,,,,,,,,,,101,Forest Hill South,101,Forest Hill South (101),D13,190
-8818634.54852003,5425866.92402557,80493007,,2015,2015/11/18 05:00:00+00,1710,MARKHAM RD,EGLINTON AVE E,55 m North of,Major Arterial,Scarborough,24,43.743716,-79.219142,Mid-Block,Non Intersection,No Control,Rain,"Dark, artificial",Wet,Fatal,Pedestrian Collisions,Pedestrian,45 to 49,Fatal,56,East,,,,,Pedestrian hit at mid-block,"Crossing, no Traffic Control",Inattentive,,,,Yes,,Yes,,,,,,,,,,,139,Scarborough Village,139,Scarborough Village (139),D43,191
-8823602.96003312,5434762.87666278,80493406,,2015,2015/11/24 05:00:00+00,603,MCCOWAN RD,KENHATCH BLVD,,Major Arterial,Scarborough,23,43.801421,-79.263774,Intersection,At Intersection,Traffic Signal,Snow,Dark,Wet,Fatal,Pedestrian Collisions,Pedestrian,25 to 29,Fatal,57,Unknown,,,,,Vehicle is going straight thru inter.while ped cross with ROW,Crossing with right of way,Normal,,,,Yes,,Yes,,,,,,Yes,Yes,Yes,,,129,Agincourt North,129,Agincourt North (129),D42,192
-8839985.96081265,5419760.57834507,80493599,,2015,2015/11/26 05:00:00+00,934,EGLINTON AVE W,ELMSTHORPE AVE,,Major Arterial,North York,812,43.704074,-79.410945,Intersection,At Intersection,No Control,Clear,Daylight,Dry,Fatal,Pedestrian Collisions,Pedestrian,85 to 89,Fatal,59,West,,,,,Vehicle turns left while ped crosses with ROW at inter.,Crossing with right of way,Normal,,,,Yes,,Yes,,,,,,,Yes,,,,100,Yonge-Eglinton,100,Yonge-Eglinton (100),D53,193
-8841611.55933671,5419284.77285557,80493667,,2015,2015/11/27 05:00:00+00,532,EGLINTON AVE W,BATHURST ST,,Major Arterial,North York,812,43.700984,-79.425548,Intersection,At Intersection,Traffic Signal,Clear,Dark,Dry,Fatal,Pedestrian Collisions,Pedestrian,20 to 24,Fatal,58,South,,,,,Vehicle turns right while ped crosses with ROW at inter.,Crossing with right of way,Normal,,,,Yes,,,,Yes,,,,,Yes,Yes,,,101,Forest Hill South,101,Forest Hill South (101),D13,194
-8842264.67078919,5423232.23696918,80493934,,2015,2015/11/30 05:00:00+00,1715,BATHURST ST,MARMION AVE,7 m East of,Major Arterial,North York,8,43.726615,-79.431415,Intersection,Intersection Related,No Control,Clear,"Dark, artificial",Dry,Fatal,Pedestrian Collisions,Pedestrian,65 to 69,Fatal,60,Unknown,,,,,Vehicle turns left while ped crosses with ROW at inter.,"Crossing, no Traffic Control",Normal,,,,Yes,,Yes,,,,,,,Yes,,,,39,Bedford Park-Nortown,39,Bedford Park-Nortown (39),D32,195
-8842086.33696494,5422097.4626723,80257630,,2015,2015/12/02 05:00:00+00,1419,LAWRENCE AVE W,BATHURST ST,1 m West of,Major Arterial,North York,8,43.719248,-79.429813,Intersection,Intersection Related,Traffic Signal,Clear,Daylight,Dry,Fatal,Pedestrian Collisions,Pedestrian,90 to 94,Fatal,62,North,,,,,Vehicle turns left while ped crosses without ROW at inter.,Crossing without right of way,Inattentive,,,,Yes,,Yes,,,,,,,Yes,,,,32,Englemount-Lawrence,32,Englemount-Lawrence (32),D13,196
-8819556.05126482,5423670.04114599,80494144,,2015,2015/12/03 05:00:00+00,2038,KINGSTON RD,FAIRCROFT BLVD,119 m West of,Major Arterial,Scarborough,20,43.729457,-79.22742,Mid-Block,Non Intersection,No Control,Clear,"Dark, artificial",Dry,Fatal,SMV Unattended Vehicle,Driver,30 to 34,Fatal,61,West,"Automobile, Station Wagon",Going Ahead,Lost control,Inattentive,,,,,,,,,Yes,,,,,,Yes,Yes,,,,123,Cliffcrest,123,Cliffcrest (123),D43,197
-8850282.90239154,5419374.08075428,80495064,,2015,2015/12/15 05:00:00+00,1100,JANE ST,SPEERS AVE,,Major Arterial,Etobicoke York,5,43.701564,-79.503444,Intersection,At Intersection,No Control,Clear,Daylight,Dry,Fatal,Turning Movement,Passenger,80 to 84,Fatal,63,,,,,,,,,,,,,,Yes,,,,,Yes,,,,,,30,Brookhaven-Amesbury,30,Brookhaven-Amesbury (30),D12,198
-8830782.06531387,5416414.59988361,80496257,,2015,2015/12/30 05:00:00+00,2339,DANFORTH AVE,GILLARD AVE,,Major Arterial,Toronto and East York,14,43.682341,-79.328265,Intersection,At Intersection,No Control,Clear,"Dark, artificial",Dry,Fatal,Pedestrian Collisions,Pedestrian,60 to 64,Fatal,64,South,,,,,Vehicle is going straight thru inter.while ped cross with ROW,"Crossing, no Traffic Control",Normal,,,,Yes,,Yes,,,,,,,Yes,,,,65,Greenwood-Coxwell,65,Greenwood-Coxwell (65),D55,199
-8825485.03866396,5429069.74224289,80497621,,2016,2016/01/03 05:00:00+00,1915,1400 KENNEDY RD,,196 m North of,Major Arterial,Scarborough,21,43.764498,-79.280681,Mid-Block,Non Intersection,No Control,Clear,"Dark, artificial",Dry,Fatal,Pedestrian Collisions,Pedestrian,35 to 39,Fatal,1,Unknown,,,,,Pedestrian hit at mid-block,Crossing without right of way,Had Been Drinking,,,,Yes,,Yes,,,,,Yes,,Yes,,,,126,Dorset Park,126,Dorset Park (126),D41,200
-8847992.39254898,5417340.69241171,80499255,,2016,2016/01/06 05:00:00+00,1429,BLACK CREEK DR,EGLINTON AVE W,13 m West of,Major Arterial,Etobicoke York,5,43.688357,-79.482868,Intersection,Intersection Related,Traffic Signal,Clear,Daylight,Dry,Fatal,Turning Movement,Driver,90 to 94,Fatal,5,West,"Automobile, Station Wagon",Going Ahead,Driving Properly,Normal,,,,,,,,,Yes,,,,,,,,,,,110,Keelesdale-Eglinton West,110,Keelesdale-Eglinton West (110),D12,201
-8854525.95610262,5402678.51049841,80500048,,2016,2016/01/08 05:00:00+00,520,BROWN S LINE,LAKE SHORE BLVD W,30 m North of,Major Arterial,Etobicoke York,3,43.593039,-79.54156,Mid-Block,Non Intersection,No Control,Clear,"Dark, artificial",Wet,Fatal,SMV Other,Driver,40 to 44,Fatal,2,South,"Automobile, Station Wagon",Going Ahead,Speed too Fast For Condition,Unknown,,,,,,,,,Yes,,,,,,Yes,Yes,,,,19,Long Branch,19,Long Branch (19),D22,202
-8831695.10777735,5437141.98116907,80500626,,2016,2016/01/14 05:00:00+00,1129,STEELES AVE E,PHARMACY AVE,,Major Arterial,Scarborough,22,43.816844,-79.336467,Intersection,At Intersection,Traffic Signal,Clear,Daylight,Wet,Fatal,Turning Movement,Driver,35 to 39,Fatal,3,West,"Automobile, Station Wagon",Turning Left,Failed to Yield Right of Way,Unknown,,,,,,,,,Yes,,Yes,,,,,Yes,,,,116,Steeles,116,Steeles (116),D42,203
-8836223.58466282,5420831.46138129,80500721,,2016,2016/01/15 05:00:00+00,1435,BAYVIEW AVE,EGLINTON AVE E,6 m North of,Major Arterial,North York,15,43.711028,-79.377147,Intersection,Intersection Related,Traffic Signal,Clear,Daylight,Wet,Fatal,Pedestrian Collisions,Pedestrian,80 to 84,Fatal,6,East,,,,,Vehicle turns right while ped crosses with ROW at inter.,Crossing with right of way,Normal,,,,Yes,,Yes,,,,,Yes,,,,,,56,Leaside-Bennington,56,Leaside-Bennington (56),D53,204
-8829897.18668155,5430826.35512958,80497128,,2016,2016/01/17 05:00:00+00,1935,SHEPPARD AVE E,CHICHESTER PL,,Major Arterial,Scarborough,22,43.775893,-79.320316,Intersection,At Intersection,No Control,Clear,"Dark, artificial",Dry,Fatal,Pedestrian Collisions,Pedestrian,75 to 79,Fatal,4,North,,,,,Vehicle is going straight thru inter.while ped cross without ROW,"Crossing, no Traffic Control",Inattentive,,,,Yes,,Yes,,,,,,,,,,,118,Tam O'Shanter-Sullivan,118,Tam O'Shanter-Sullivan (118),D42,205
-8854360.42401981,5409299.2851839,80485259,,2016,2016/01/28 05:00:00+00,925,DUNDAS ST W,POPLAR AVE,,Major Arterial,Etobicoke York,3,43.636099,-79.540073,Intersection,At Intersection,Traffic Signal,Clear,Daylight,Dry,Fatal,Pedestrian Collisions,Pedestrian,45 to 49,Fatal,10,South,,,,,Pedestrian involved in a collision with transit vehicle anywhere along roadway,Crossing with right of way,Normal,,,,Yes,,,,,Yes,,,,Yes,,,,159,Etobicoke City Centre,14,Islington-City Centre West (14),D22,206
-8842933.92356784,5413700.43376578,80485306,,2016,2016/01/30 05:00:00+00,1753,DUFFERIN ST,ARMSTRONG AVE,,Major Arterial,Toronto and East York,9,43.664706,-79.437427,Intersection,,No Control,Clear,"Dark, artificial",Dry,Fatal,Pedestrian Collisions,Pedestrian,90 to 94,Fatal,7,West,,,,,Vehicle is going straight thru inter.while ped cross without ROW,"Crossing, no Traffic Control",Inattentive,,,,Yes,,Yes,,,,,,,,,,,172,Dovercourt Village,93,Dovercourt-Wallace Emerson-Junction (93),D14,207
-8849227.25966035,5428425.91451013,80485309,,2016,2016/01/31 05:00:00+00,230,DERRYDOWN RD,ROMFIELD DR,,Local,Etobicoke York,7,43.760321,-79.493961,Intersection,,Stop Sign,Clear,"Dark, artificial",Wet,Fatal,SMV Other,Passenger,45 to 49,Fatal,8,,,,,,,,,,,,,,Yes,,,,,Yes,,,,Yes,,27,York University Heights,27,York University Heights (27),D31,208
-8852256.7082828,5403742.80390161,80485310,,2016,2016/02/01 05:00:00+00,1033,BIRMINGHAM ST,TWENTY FIRST ST,,Collector,Etobicoke York,3,43.599963,-79.521175,Intersection,,Pedestrian Crossover,Clear,Daylight,Dry,Fatal,Sideswipe,Driver,85 to 89,Fatal,9,West,"Automobile, Station Wagon",Going Ahead,Lost control,Unknown,,,,,,,,,Yes,,,,,,Yes,Yes,,,,18,New Toronto,18,New Toronto (18),D22,209