X,Y,INDEX_,ACCNUM,YEAR,DATE,TIME,STREET1,STREET2,OFFSET,ROAD_CLASS,DISTRICT,WARDNUM,LATITUDE,LONGITUDE,LOCCOORD,ACCLOC,TRAFFCTL,VISIBILITY,LIGHT,RDSFCOND,ACCLASS,IMPACTYPE,INVTYPE,INVAGE,INJURY,FATAL_NO,INITDIR,VEHTYPE,MANOEUVER,DRIVACT,DRIVCOND,PEDTYPE,PEDACT,PEDCOND,CYCLISTYPE,CYCACT,CYCCOND,PEDESTRIAN,CYCLIST,AUTOMOBILE,MOTORCYCLE,TRUCK,TRSN_CITY_VEH,EMERG_VEH,PASSENGER,SPEEDING,AG_DRIV,REDLIGHT,ALCOHOL,DISABILITY,HOOD_158,NEIGHBOURHOOD_158,HOOD_140,NEIGHBOURHOOD_140,DIVISION,ObjectId
-8843062.94285767,5424730.74717748,80877081,,2018,2018/05/20 04:00:00+00,2307,WILSON AVE,401 C W WILSON AV RAMP,,Major Arterial,Etobicoke York,6,43.736342,-79.438586,Mid-Block,Non Intersection,No Control,Clear,"Dark, artificial",Dry,Fatal,Approaching,Driver,40 to 44,Fatal,26,West,"Automobile, Station Wagon",Changing Lanes,Improper Lane Change,Inattentive,,,,,,,,,Yes,,,,,Yes,Yes,Yes,,,,33,Clanton Park,33,Clanton Park (33),D32,262
-8828420.1996777,5438179.55135253,80944444,,2018,2018/05/29 04:00:00+00,934,STEELES AVE E,KENNEDY RD,,Major Arterial,Scarborough,22,43.823569,-79.307048,Intersection,Intersection Related,No Control,Clear,Daylight,Dry,Fatal,Other,Passenger,80 to 84,Fatal,29,,,,,,,,,,,,,,,,,Yes,,Yes,,,,,,116,Steeles,116,Steeles (116),D42,263
-8858484.58851472,5419929.65688101,80943990,,2018,2018/05/30 04:00:00+00,329,MARTIN GROVE RD,VULCAN ST,,Major Arterial,Etobicoke York,1,43.705172,-79.577121,Intersection,At Intersection,Traffic Signal,,Dark,,Fatal,Turning Movement,Motorcycle Driver,20 to 24,Fatal,27,South,Motorcycle,Going Ahead,Exceeding Speed Limit,Unknown,,,,,,,,,,Yes,Yes,,,,Yes,Yes,,,,1,West Humber-Clairville,1,West Humber-Clairville (1),D23,264
-8841790.78371689,5408440.43871909,80943991,,2018,2018/06/02 04:00:00+00,1903,LAKE SHORE BLVD W,BRITISH COLUMBIA RD,,Major Arterial,North York,10,43.630515,-79.427158,Mid-Block,Non Intersection,No Control,Clear,Daylight,Dry,Fatal,Approaching,Motorcycle Driver,50 to 54,Fatal,28,East,Motorcycle,Going Ahead,Driving Properly,Normal,,,,,,,,,Yes,Yes,,,,,,,,,,163,Fort York-Liberty Village,82,Niagara (82),D14,265
-8844564.53146898,5419484.48498879,80944447,,2018,2018/06/11 04:00:00+00,1500,DUFFERIN ST,BRIAR HILL AVE,,Major Arterial,North York,8,43.702281,-79.452075,Intersection,Intersection Related,Traffic Signal,Clear,Daylight,Dry,Fatal,Pedestrian Collisions,Pedestrian,50 to 54,Fatal,31,North,,,,,Unknown,Crossing with right of way,,,,,Yes,,Yes,,,,,,Yes,Yes,Yes,,,108,Briar Hill-Belgravia,108,Briar Hill-Belgravia (108),D13,266
-8838745.19376827,5414121.93523783,80944450,,2018,2018/06/12 04:00:00+00,1204,ST GEORGE ST,BLOOR ST W,,Major Arterial,Toronto and East York,11,43.667445,-79.399799,Intersection,At Intersection,Traffic Signal,Clear,Daylight,Dry,Fatal,Cyclist Collisions,Cyclist,55 to 59,Fatal,32,South,Bicycle,Going Ahead,,,,,,Motorist turning right on green or amber at signalized intersection strikes cyclist.,Other,Unknown,,Yes,,,Yes,,,,,,,,,79,University,79,University (79),D52,267
-8823169.81589444,5421716.25787951,80944448,,2018,2018/06/14 04:00:00+00,558,ST CLAIR AVE E,DANFORTH RD,,Major Arterial,Scarborough,20,43.716773,-79.259883,Intersection,At Intersection,Traffic Signal,Clear,Daylight,Dry,Fatal,Turning Movement,Motorcycle Driver,55 to 59,Fatal,33,West,Motorcycle,Going Ahead,Driving Properly,Unknown,,,,,,,,,Yes,Yes,,,,,,Yes,,,,120,Clairlea-Birchmount,120,Clairlea-Birchmount (120),D41,268
-8840058.98639861,5419728.85721612,80945877,,2018,2018/06/23 04:00:00+00,1259,EGLINTON AVE W,CASTLE KNOCK RD,,Major Arterial,North York,812,43.703868,-79.411601,Intersection,At Intersection,Traffic Signal,Rain,Daylight,Wet,Fatal,Pedestrian Collisions,Pedestrian,70 to 74,Fatal,34,Unknown,,,,,Other / Undefined,Running onto Roadway,Had Been Drinking,,,,Yes,,Yes,,,,,,,,,,,101,Forest Hill South,101,Forest Hill South (101),D53,269
-8859902.91014691,5428304.76832655,80948655,,2018,2018/06/29 04:00:00+00,123,STEELES AVE W,KIPLING AVE,,Major Arterial,Etobicoke York,1,43.759535,-79.589862,Intersection,At Intersection,Traffic Signal,Clear,"Dark, artificial",Dry,Fatal,Pedestrian Collisions,Pedestrian,15 to 19,Fatal,35,Unknown,,,,,Pedestrian hit on sidewalk or shoulder,On Sidewalk or Shoulder,Normal,,,,Yes,,Yes,,,,,,Yes,Yes,,,,2,Mount Olive-Silverstone-Jamestown,2,Mount Olive-Silverstone-Jamestown (2),D23,270
-8840225.52035684,5431099.24210143,80948656,,2018,2018/07/25 04:00:00+00,45,DORIS AVE,HOLMES AVE,42 m South,Minor Arterial,North York,18,43.777663,-79.413097,Mid-Block,Non Intersection,No Control,Clear,"Dark, artificial",Wet,Fatal,SMV Other,Driver,20 to 24,Fatal,36,North,"Automobile, Station Wagon",Going Ahead,Exceeding Speed Limit,Unknown,,,,,,,,,Yes,,,,,,Yes,Yes,,,,151,Yonge-Doris,51,Willowdale East (51),D32,271
-8843147.87962915,5418820.69365005,80948669,,2018,2018/07/26 04:00:00+00,58,EGLINTON AVE W,MARLEE AVE,,Major Arterial,North York,812,43.69797,-79.439349,Intersection,At Intersection,Traffic Signal,Clear,Dark,Dry,Fatal,Pedestrian Collisions,Pedestrian,55 to 59,Fatal,37,South,,,,,Vehicle is going straight thru inter.while ped cross with ROW,Crossing with right of way,Unknown,,,,Yes,,,,Yes,,,,,Yes,,,,107,Oakwood Village,107,Oakwood Village (107),D13,272
-8852131.02857769,5408959.05923861,80948658,,2018,2018/07/29 04:00:00+00,1029,144 NORSEMAN ST,,,Collector,Etobicoke York,3,43.633887,-79.520046,Mid-Block,Non Intersection,No Control,Clear,Daylight,Dry,Fatal,SMV Other,Motorcycle Driver,45 to 49,Fatal,38,East,Motorcycle,Going Ahead,Lost control,Unknown,,,,,,,,,,Yes,,,,,,,,,,159,Etobicoke City Centre,14,Islington-City Centre West (14),D22,273
-8825713.46625907,5421613.98985831,80948659,,2018,2018/07/30 04:00:00+00,1427,WARDEN AVE,FAIRFAX CRES,,Major Arterial,Scarborough,20,43.716109,-79.282733,Intersection,At Intersection,Traffic Signal,Clear,Daylight,Dry,Fatal,Pedestrian Collisions,Pedestrian,65 to 69,Fatal,39,East,,,,,Vehicle turns left while ped crosses with ROW at inter.,Crossing with right of way,Normal,,,,Yes,,Yes,,,,,,,,,,,120,Clairlea-Birchmount,120,Clairlea-Birchmount (120),D41,274
-8822602.53176936,5420084.1092885,80950058,,2018,2018/08/06 04:00:00+00,914,CLAREMORE AVE,CRAIGLEE DR,,Local,Scarborough,20,43.706175,-79.254787,Intersection,At Intersection,Stop Sign,Clear,Daylight,Dry,Fatal,Pedestrian Collisions,Wheelchair,80 to 84,Fatal,42,East,,,,,Vehicle is going straight thru inter.while ped cross without ROW,Crossing marked crosswalk without ROW,Medical or Physical Disability,,,,Yes,,Yes,,,,,,,,,,,122,Birchcliffe-Cliffside,122,Birchcliffe-Cliffside (122),D41,275
-8812567.97023027,5432227.87740356,80948662,,2018,2018/08/09 04:00:00+00,50,HIGHWAY 2A  W,HIGHLAND CREEK OVERPASS,600 m East,Expressway,Scarborough,25,43.784983,-79.164645,Mid-Block,Non Intersection,No Control,Clear,Dark,Dry,Fatal,Pedestrian Collisions,Pedestrian,25 to 29,Fatal,40,South,,,,,Pedestrian hit at mid-block,Walking on Roadway Against Traffic,Medical or Physical Disability,,,,Yes,,Yes,,,,,,,,,,,133,Centennial Scarborough,133,Centennial Scarborough (133),D43,276
-8820859.7138215,5429513.68125191,80948660,,2018,2018/08/10 04:00:00+00,2055,BELLAMY RD N,BRIMORTON DR,,Minor Arterial,Scarborough,24,43.767378,-79.239131,Intersection,At Intersection,Traffic Signal,Clear,Daylight,Dry,Fatal,Angle,Motorcycle Driver,70 to 74,Fatal,41,West,Motorcycle,Going Ahead,Driving Properly,Unknown,,,,,,,,,Yes,Yes,,,,,,Yes,Yes,,,142,Woburn North,137,Woburn (137),D43,277
-8833244.22981123,5421995.96054489,80949484,,2018,2018/08/16 04:00:00+00,1555,LESLIE ST,EGLINTON AVE E,,Major Arterial,North York,1516,43.718589,-79.350383,Intersection,Intersection Related,Stop Sign,Clear,Daylight,Dry,Fatal,Turning Movement,Driver,85 to 89,Fatal,43,East,Passenger Van,Turning Left,Improper Turn,Inattentive,,,,,,,,,Yes,,Yes,,,,,,,,,42,Banbury-Don Mills,42,Banbury-Don Mills (42),D33,278
-8852755.19696257,5403649.0354096,80950061,,2018,2018/09/05 04:00:00+00,1405,TWENTY SIXTH ST,LABURNHAM AVE,17 meters south,Local,Etobicoke York,3,43.599353,-79.525653,Mid-Block,Non Intersection,No Control,Clear,Daylight,Dry,Fatal,Pedestrian Collisions,Pedestrian,50 to 54,Fatal,44,Unknown,,,,,Pedestrian hit at mid-block,Pushing/Working on Vehicle,Unknown,,,,Yes,,,,Yes,,,,,,,,,19,Long Branch,19,Long Branch (19),D22,279
-8850353.36762921,5403888.22380402,80950559,,2018,2018/09/11 04:00:00+00,1708,LAKE SHORE BLVD W,SIXTH ST,,Major Arterial,Etobicoke York,3,43.600909,-79.504077,Intersection,Non Intersection,No Control,Clear,Daylight,Dry,Fatal,Pedestrian Collisions,Pedestrian,70 to 74,Fatal,45,North,Other,,,,Vehicle is going straight thru inter.while ped cross without ROW,"Crossing, no Traffic Control",Inattentive,,,,Yes,,Yes,,,,,,,,,,,18,New Toronto,18,New Toronto (18),D22,280
-8845254.15571444,5411503.36673305,80950562,,2018,2018/09/15 04:00:00+00,240,PARKSIDE DR,INDIAN VALLEY CRES,34 meters south,Major Arterial,Toronto and East York,4,43.650427,-79.45827,Mid-Block,Non Intersection,No Control,Clear,Dark,Dry,Fatal,Approaching,Motorcycle Driver,45 to 49,Fatal,46,North,Motorcycle,Going Ahead,Driving Properly,Unknown,,,,,,,,,Yes,Yes,,,,Yes,,,,,,87,High Park-Swansea,87,High Park-Swansea (87),D11,281
-8846785.4666298,5416542.05524531,80951123,,2018,2018/09/18 04:00:00+00,1850,KEELE ST,AILEEN AVE,,Major Arterial,Etobicoke York,5,43.683169,-79.472026,Intersection,At Intersection,No Control,Clear,Daylight,Dry,Fatal,Turning Movement,Motorcycle Driver,40 to 44,Fatal,47,North,Motorcycle,Going Ahead,Lost control,Normal,,,,,,,,,Yes,Yes,,,,,Yes,Yes,,,,110,Keelesdale-Eglinton West,110,Keelesdale-Eglinton West (110),D12,282
-8844525.45832771,5419238.88740912,80971684,,2018,2018/09/20 04:00:00+00,1600,DUFFERIN ST,CASTLEFIELD AVE,,Major Arterial,North York,8,43.700686,-79.451724,Intersection,At Intersection,Traffic Signal,Clear,Daylight,Dry,Fatal,Pedestrian Collisions,Pedestrian,90 to 94,Fatal,55,North,,,,,Vehicle is going straight thru inter.while ped cross without ROW,Crossing without right of way,Inattentive,,,,Yes,,Yes,,,,,,,,,,,108,Briar Hill-Belgravia,108,Briar Hill-Belgravia (108),D13,283
-8835393.80917845,5413487.92060117,80951126,,2018,2018/09/21 04:00:00+00,1600,NUTHATCH LANE,DOCTOR O LANE,,Laneway,Toronto and East York,13,43.663325,-79.369693,Intersection,Intersection Related,No Control,Clear,Daylight,Dry,Fatal,Pedestrian Collisions,Pedestrian,55 to 59,Fatal,48,Unknown,,,,,Unknown,Other,"Ability Impaired, Alcohol",,,,Yes,,Yes,,,,,,,,,,,73,Moss Park,73,Moss Park (73),D51,284
-8821741.36418858,5422146.28882777,80971685,,2018,2018/09/26 04:00:00+00,709,ST CLAIR AVE E,JEANETTE ST,,Minor Arterial,Scarborough,20,43.719565,-79.247051,Intersection,At Intersection,Traffic Signal,Clear,Daylight,Dry,Fatal,Pedestrian Collisions,Pedestrian,60 to 64,Fatal,49,North,,,,,Vehicle is going straight thru inter.while ped cross with ROW,Crossing with right of way,Unknown,,,,Yes,,Yes,,,,,,,Yes,Yes,,,123,Cliffcrest,123,Cliffcrest (123),D41,285
-8826800.61240616,5431803.23528394,80972617,,2018,2018/09/26 04:00:00+00,2053,3850 SHEPPARD AVE E,,90 m East of ALLANFORD RD,Major Arterial,Scarborough,22,43.782229,-79.292499,Mid-Block,Non Intersection,No Control,Clear,"Dark, artificial",Dry,Fatal,Pedestrian Collisions,Pedestrian,75 to 79,Fatal,52,South,,,,,Pedestrian hit at mid-block,"Crossing, no Traffic Control",Inattentive,,,,Yes,,Yes,,,,,,,Yes,,,,118,Tam O'Shanter-Sullivan,118,Tam O'Shanter-Sullivan (118),D42,286
-8846480.56254452,5409469.55666792,80973076,,2018,2018/10/01 04:00:00+00,622,THE QUEENSWAY,WINDERMERE AVE,,Major Arterial,Toronto and East York,4,43.637206,-79.469287,Mid-Block,Non Intersection,No Control,Rain,"Daylight, artificial",Wet,Fatal,Pedestrian Collisions,Pedestrian,50 to 54,Fatal,50,East,,,,,Pedestrian involved in a collision with transit vehicle anywhere along roadway,Walking on Roadway with Traffic,Inattentive,,,,Yes,,,,,Yes,,,,,,,,87,High Park-Swansea,87,High Park-Swansea (87),D11,287
-8852136.9285107,5418420.6865649,80973077,,2018,2018/10/05 04:00:00+00,1852,708 SCARLETT RD,,LEGGETT AVE,Major Arterial,Etobicoke York,2,43.695372,-79.520099,Mid-Block,Non Intersection,No Control,Clear,Daylight,Dry,Fatal,Turning Movement,Motorcycle Driver,45 to 49,Fatal,51,South,Motorcycle,Going Ahead,Driving Properly,Unknown,,,,,,,,,Yes,Yes,,,,,,Yes,,,,8,Humber Heights-Westmount,8,Humber Heights-Westmount (8),D23,288
-8839463.64976185,5428749.28705346,80972618,,2018,2018/10/08 04:00:00+00,117,SHEPPARD AVE E,BONNINGTON PL,,Major Arterial,North York,18,43.762419,-79.406253,Mid-Block,Non Intersection,No Control,Clear,"Dark, artificial",Dry,Fatal,Pedestrian Collisions,Pedestrian,30 to 34,Fatal,53,East,,,,,Pedestrian hit at mid-block,Playing or Working on Highway,Unknown,,,,Yes,,Yes,,,,,,,,,,,153,Avondale,51,Willowdale East (51),D32,289
-8833306.2347676,5412747.77895127,80972619,,2018,2018/10/08 04:00:00+00,2015,685 QUEEN ST E,,Near #685,Major Arterial,Toronto and East York,14,43.658515,-79.35094,Intersection,At Intersection,No Control,Clear,"Dusk, artificial",Dry,Fatal,Cyclist Collisions,Cyclist,60 to 64,Fatal,54,East,Bicycle,Going Ahead,,,,,,Cyclist strikes a parked vehicle.,Lost control,Unknown,,Yes,Yes,,,Yes,,,,,,,,70,South Riverdale,70,South Riverdale (70),D55,290
-8841687.14527096,5413483.15026762,80973936,,2018,2018/10/18 04:00:00+00,1217,OSSINGTON AVE,NORTHUMBERLAND ST,,Minor Arterial,Toronto and East York,911,43.663294,-79.426227,Mid-Block,Non Intersection,No Control,Clear,Daylight,Dry,Fatal,Pedestrian Collisions,Pedestrian,Over 95,Fatal,56,East,Other,,,,Pedestrian hit at mid-block,Coming From Behind Parked Vehicle,Inattentive,,,,Yes,,Yes,,,,,,,Yes,,,,172,Dovercourt Village,93,Dovercourt-Wallace Emerson-Junction (93),D14,291
-8840536.32437514,5422666.29570836,80975003,,2018,2018/11/01 04:00:00+00,1712,AVENUE RD,GLENGARRY AVE,,Major Arterial,North York,8,43.722941,-79.415889,Intersection,Intersection Related,No Control,Rain,Dark,Dry,Fatal,Rear End,Passenger,55 to 59,Fatal,57,,"Automobile, Station Wagon",,,,,,,,,,,,Yes,,,Yes,,Yes,,,,,,39,Bedford Park-Nortown,39,Bedford Park-Nortown (39),D32,292
-8859445.16440077,5426965.6387426,80975008,,2018,2018/11/01 04:00:00+00,2043,KIPLING  AVE,ANNABELLE  DR,,Major Arterial,Etobicoke York,1,43.750846,-79.58575,Intersection,At Intersection,Traffic Signal,Clear,Dark,Dry,Fatal,Pedestrian Collisions,Pedestrian,90 to 94,Fatal,59,West,,,,,Vehicle is going straight thru inter.while ped cross without ROW,Crossing without right of way,Normal,,,,Yes,,Yes,,,,,,,,,,,2,Mount Olive-Silverstone-Jamestown,2,Mount Olive-Silverstone-Jamestown (2),D23,293
-8826735.15654557,5428870.439077,80975006,,2018,2018/11/09 05:00:00+00,650,ELLESMERE RD,BIRCHMOUNT RD,,Major Arterial,Scarborough,21,43.763205,-79.291911,Mid-Block,Non Intersection,No Control,Clear,"Dawn, artificial",Dry,Fatal,Pedestrian Collisions,Pedestrian,55 to 59,Fatal,58,Unknown,,,,,Pedestrian hit on sidewalk or shoulder,On Sidewalk or Shoulder,Unknown,,,,Yes,,Yes,,,Yes,,,,,,,,119,Wexford/Maryvale,119,Wexford/Maryvale (119),D41,294
-8816755.03023748,5431944.93467344,80975010,,2018,2018/11/12 05:00:00+00,1822,ELLESMERE  RD,NEILSON  RD,,Major Arterial,Scarborough,24,43.783148,-79.202258,Mid-Block,Non Intersection,No Control,Clear,"Dark, artificial",Dry,Fatal,Pedestrian Collisions,Pedestrian,50 to 54,Fatal,60,Unknown,,,,,Pedestrian hit at mid-block,Other,Unknown,,,,Yes,,Yes,,,,,,,,,,,135,Morningside,135,Morningside (135),D43,295
-8843770.48954115,5421574.5615263,80975446,,2018,2018/11/20 05:00:00+00,1804,665 LAWRENCE AVE W,,,Major Arterial,North York,8,43.715853,-79.444942,Intersection,At Intersection,Traffic Signal,Clear,"Dark, artificial",Dry,Fatal,Pedestrian Collisions,Pedestrian,55 to 59,Fatal,61,West,,,,,Pedestrian involved in a collision with transit vehicle anywhere along roadway,Crossing marked crosswalk without ROW,Inattentive,,,,Yes,,,,,Yes,,,,,,,,31,Yorkdale-Glen Park,31,Yorkdale-Glen Park (31),D13,296
-8820130.23719833,5425530.70957246,80975915,,2018,2018/11/25 05:00:00+00,1750,BELLAMY RD N,CEDAR BRAE BLVD,,Minor Arterial,Scarborough,21,43.741534,-79.232578,Intersection,At Intersection,Stop Sign,Clear,"Dark, artificial",Dry,Fatal,Pedestrian Collisions,Pedestrian,80 to 84,Fatal,62,North,,,,,Vehicle is going straight thru inter.while ped cross with ROW,Crossing with right of way,Normal,,,,Yes,,Yes,,,,,,,Yes,,,,138,Eglinton East,138,Eglinton East (138),D43,297
-8824030.20423878,5428127.21343688,80976405,,2018,2018/12/04 05:00:00+00,1932,MIDLAND AVE,DORCOT AVE,,Major Arterial,Scarborough,21,43.758383,-79.267612,Mid-Block,Non Intersection,No Control,Clear,Dark,Dry,Fatal,Pedestrian Collisions,Pedestrian,55 to 59,Fatal,63,East,,,,,Pedestrian hit at mid-block,"Crossing, no Traffic Control",Normal,,,,Yes,,Yes,,,,,,,Yes,,,,156,Bendale-Glen Andrew,127,Bendale (127),D41,298
-8827587.08460861,5434611.57139962,80985325,,2018,2018/12/07 05:00:00+00,1830,FINCH AVE E,WAYSIDE AVE,,Major Arterial,Scarborough,22,43.80044,-79.299564,Intersection,Intersection Related,No Control,Clear,Dark,Dry,Fatal,Pedestrian Collisions,Pedestrian,80 to 84,Fatal,64,North,,,,,Pedestrian hit at mid-block,"Crossing, no Traffic Control",Normal,,,,Yes,,Yes,,,,,,,,,,,148,East L'Amoreaux,117,L'Amoreaux (117),D42,299
-8838116.68392325,5415303.13438281,80985326,,2018,2018/12/22 05:00:00+00,623,DAVENPORT  RD,HAZELTON  AVE,42.9 M EAST OF,Major Arterial,Toronto and East York,11,43.67512,-79.394153,Mid-Block,Non Intersection,No Control,Clear,"Dawn, artificial",Dry,Fatal,Pedestrian Collisions,Pedestrian,50 to 54,Fatal,65,Unknown,,,,,Pedestrian hit at mid-block,Other,Normal,,,,Yes,,Yes,,,,,,Yes,Yes,,,,95,Annex,95,Annex (95),D53,300
-8853213.83326464,5411056.29317677,80985217,,2018,2018/12/26 05:00:00+00,1853,4968 DUNDAS ST W,,,Major Arterial,Etobicoke York,3,43.647521,-79.529773,Mid-Block,Non Intersection,No Control,Clear,"Dark, artificial",Dry,Fatal,Pedestrian Collisions,Pedestrian,75 to 79,Fatal,66,North,,,,,Pedestrian hit at mid-block,"Crossing, no Traffic Control",Normal,,,,Yes,,Yes,,,,,,,,,,,159,Etobicoke City Centre,14,Islington-City Centre West (14),D22,301
-8861222.71402976,5425937.95898629,81070930,,2019,2019/01/02 05:00:00+00,1405,LEXINGTON AVE,SILVERSTONE DR,W of,Local,Etobicoke York,1,43.744177,-79.601718,Mid-Block,Non Intersection,No Control,Clear,Daylight,Dry,Fatal,SMV Other,Passenger,50 to 54,Fatal,9,,,,,,,,,,,,,,Yes,,,,,Yes,,Yes,,,,1,West Humber-Clairville,1,West Humber-Clairville (1),D23,302
-8842719.85618705,5409832.72069249,81070924,,2019,2019/01/07 05:00:00+00,2012,CLOSE  AVE,QUEEN  ST W,119 m south,Local,Toronto and East York,4,43.639567,-79.435504,Mid-Block,Non Intersection,No Control,Rain,"Dark, artificial",Wet,Fatal,Pedestrian Collisions,Wheelchair,60 to 64,Fatal,1,South,,,,,Pedestrian hit at mid-block,Other,Normal,,,,Yes,,Yes,,,,,,Yes,Yes,,,,85,South Parkdale,85,South Parkdale (85),D14,303
-8828945.96163272,5420171.11502288,81070931,,2019,2019/01/08 05:00:00+00,1838,O CONNOR DR,ST CLAIR AVE E,190 metre north of,Major Arterial,Toronto and East York,19,43.70674,-79.311771,Mid-Block,Non Intersection,No Control,Rain,"Dark, artificial",Wet,Fatal,Pedestrian Collisions,Pedestrian,65 to 69,Fatal,4,West,,,,,Pedestrian hit at mid-block,"Crossing, no Traffic Control",Inattentive,,,,Yes,,Yes,,,,,,,,,,,54,O'Connor-Parkview,54,O'Connor-Parkview (54),D55,304
-8821909.45661968,5429056.79434258,81070922,,2019,2019/01/12 05:00:00+00,2213,MCCOWAN  RD,BRIMORTON  DR,100 m south,Major Arterial,Scarborough,2124,43.764414,-79.248561,Mid-Block,Non Intersection,No Control,Clear,"Dark, artificial",Dry,Fatal,Sideswipe,Driver,40 to 44,Fatal,2,South,"Automobile, Station Wagon",Changing Lanes,Lost control,Inattentive,,,,,,,,,Yes,,,,,,Yes,Yes,,,,156,Bendale-Glen Andrew,127,Bendale (127),D43,305
-8837132.28566617,5411201.82816773,81070927,,2019,2019/01/15 05:00:00+00,555,155 UNIVERSITY AVE,,,Major Arterial,Toronto and East York,10,43.648467,-79.38531,Mid-Block,Laneway,No Control,Clear,"Dark, artificial",Dry,Fatal,Pedestrian Collisions,Pedestrian,55 to 59,Fatal,3,Unknown,,,,,Vehicle is reversing and hits pedestrian,Other,Normal,,,,Yes,,,,Yes,,,,,,,,,170,Yonge-Bay Corridor,76,Bay Street Corridor (76),D52,306
-8843770.48954115,5421577.02579212,81070932,,2019,2019/01/16 05:00:00+00,1303,ALLEN X S LAWRENCE E RAMP,LAWRENCE AVE W,,Major Arterial,North York,8,43.715869,-79.444942,Intersection,At Intersection,Traffic Signal,Clear,Daylight,Dry,Fatal,Pedestrian Collisions,Pedestrian,40 to 44,Fatal,5,Unknown,,,,,Vehicle turns right while ped crosses with ROW at inter.,Crossing with right of way,Normal,,,,Yes,,,,Yes,,,,,,,,,31,Yorkdale-Glen Park,31,Yorkdale-Glen Park (31),D13,307
-8844342.89436281,5418401.90297846,81070929,,2019,2019/01/16 05:00:00+00,1332,2350 DUFFERIN ST,,,Major Arterial,Toronto and East York,912,43.69525,-79.450084,Mid-Block,Non Intersection,No Control,Clear,Daylight,Dry,Fatal,Pedestrian Collisions,Pedestrian,75 to 79,Fatal,8,East,,,,,Pedestrian hit at mid-block,"Crossing, no Traffic Control",Had Been Drinking,,,,Yes,,,,Yes,,,,,,,,,107,Oakwood Village,107,Oakwood Village (107),D13,308
-8839956.23850861,5413554.24388084,81070933,,2019,2019/01/17 05:00:00+00,2122,LENNOX  ST,BATHURST  ST,,Major Arterial,Toronto and East York,11,43.663756,-79.410678,Intersection,At Intersection,Traffic Signal,Clear,"Dark, artificial",Dry,Fatal,Pedestrian Collisions,Pedestrian,65 to 69,Fatal,6,North,,,,,Vehicle turns right while ped crosses with ROW at inter.,Other,Had Been Drinking,,,,Yes,,,,Yes,,,,,Yes,,,,79,University,79,University (79),D14,309
-8834243.87883856,5419472.62840381,81070926,,2019,2019/01/19 05:00:00+00,530,MILLWOOD RD,LAIRD DR,,Major Arterial,North York,15,43.702204,-79.359363,Mid-Block,Non Intersection,No Control,Clear,"Dark, artificial",Dry,Fatal,SMV Other,Driver,20 to 24,Fatal,7,South,"Automobile, Station Wagon",Going Ahead,Speed too Fast For Condition,Unknown,,,,,,,,,Yes,,,,,Yes,Yes,Yes,,,,56,Leaside-Bennington,56,Leaside-Bennington (56),D53,310
-8813024.93673998,5435184.10756079,81075003,,2019,2019/02/01 05:00:00+00,258,MEADOWVALE RD,GENERATION BLVD,,Minor Arterial,Scarborough,25,43.804152,-79.16875,Intersection,At Intersection,,Clear,"Dark, artificial",Loose Snow,Fatal,Angle,Driver,40 to 44,Fatal,10,East,"Automobile, Station Wagon",Going Ahead,Other,Unknown,,,,,,,,,Yes,,,,,Yes,,,,,,143,West Rouge,131,Rouge (131),D42,311
-8830377.8642428,5436918.28246628,81071312,,2019,2019/02/16 05:00:00+00,907,WARDEN  AVE,BAMBURGH  CRCL,89.5 m south,Major Arterial,Scarborough,22,43.815394,-79.324634,Mid-Block,Non Intersection,No Control,Clear,Daylight,Wet,Fatal,Pedestrian Collisions,Pedestrian,85 to 89,Fatal,12,East,,,,,Pedestrian hit at mid-block,"Crossing, no Traffic Control",Normal,,,,Yes,,Yes,,,,,,,,,,,116,Steeles,116,Steeles (116),D42,312