X,Y,INDEX_,ACCNUM,YEAR,DATE,TIME,STREET1,STREET2,OFFSET,ROAD_CLASS,DISTRICT,WARDNUM,LATITUDE,LONGITUDE,LOCCOORD,ACCLOC,TRAFFCTL,VISIBILITY,LIGHT,RDSFCOND,ACCLASS,IMPACTYPE,INVTYPE,INVAGE,INJURY,FATAL_NO,INITDIR,VEHTYPE,MANOEUVER,DRIVACT,DRIVCOND,PEDTYPE,PEDACT,PEDCOND,CYCLISTYPE,CYCACT,CYCCOND,PEDESTRIAN,CYCLIST,AUTOMOBILE,MOTORCYCLE,TRUCK,TRSN_CITY_VEH,EMERG_VEH,PASSENGER,SPEEDING,AG_DRIV,REDLIGHT,ALCOHOL,DISABILITY,HOOD_158,NEIGHBOURHOOD_158,HOOD_140,NEIGHBOURHOOD_140,DIVISION,ObjectId
-8853542.55972095,5418541.08718229,7853644,1371244,2013,2013/08/19 04:00:00+00,759,ROYAL YORK RD,LAWRENCE AVE W,,Minor Arterial,Etobicoke York,2,43.696154,-79.532726,Intersection,,Traffic Signal,Clear,Daylight,Dry,Fatal,Angle,Driver,60 to 64,Fatal,33,East,"Automobile, Station Wagon",Going Ahead,Driving Properly,Normal,,,,,,,,,Yes,,,,,Yes,Yes,Yes,Yes,,,8,Humber Heights-Westmount,8,Humber Heights-Westmount (8),D23,468
-8843496.97755227,5409811.03197015,7855344,1372001,2013,2013/08/23 04:00:00+00,1840,QUEEN ST W,WILSON PARK RD,,Major Arterial,Toronto and East York,4,43.639426,-79.442485,Intersection,,No Control,Clear,Daylight,Dry,Fatal,Pedestrian Collisions,Pedestrian,70 to 74,Fatal,34,South,,,,,Vehicle is going straight thru inter.while ped cross without ROW,"Crossing, no Traffic Control",Unknown,,,,Yes,,Yes,,,,,,,,,,,85,South Parkdale,85,South Parkdale (85),D14,469
-8861787.54912604,5423868.61575718,7856191,1372377,2013,2013/08/27 04:00:00+00,1533,HUMBER COLLEGE Blvd,WINDWOOD Dr,,Minor Arterial,Etobicoke York,1,43.730746,-79.606792,Mid-Block,,Pedestrian Crossover,Clear,Daylight,Dry,Fatal,Pedestrian Collisions,Pedestrian,55 to 59,Fatal,35,South,,,,,Pedestrian hit a PXO/ped. Mid-block signal,"Crossing, Pedestrian Crossover",Normal,,,,Yes,,Yes,,,,,,,Yes,,,,1,West Humber-Clairville,1,West Humber-Clairville (1),D23,470
-8821455.94101419,5426611.04623983,7857845,1373040,2013,2013/08/30 04:00:00+00,1545,DANFORTH RD,BARDSEA CRT,,Major Arterial,Scarborough,21,43.748545,-79.244487,Intersection,At Intersection,Stop Sign,Clear,Daylight,Dry,Fatal,Turning Movement,Motorcycle Driver,45 to 49,Fatal,36,North,Motorcycle,Changing Lanes,Improper Lane Change,Normal,,,,,,,,,Yes,Yes,Yes,,,,Yes,Yes,,,,157,Bendale South,127,Bendale (127),D43,471
-8849853.98839352,5427427.66194365,7858870,1373498,2013,2013/09/03 04:00:00+00,800,SENTINEL RD,LAMBERTON BLVD,,Collector,Etobicoke York,7,43.753844,-79.499591,Intersection,At Intersection,Stop Sign,Clear,Daylight,Dry,Fatal,Pedestrian Collisions,Pedestrian,10 to 14,Fatal,37,West,,,,,Vehicle turns left while ped crosses with ROW at inter.,Crossing with right of way,Normal,,,,Yes,,,,Yes,,,,,Yes,,,,27,York University Heights,27,York University Heights (27),D31,472
-8820966.80317164,5432823.2419431,7859717,1373856,2013,2013/09/05 04:00:00+00,1805,MILNER AVE,SCUNTHORPE RD,,Minor Arterial,Scarborough,23,43.788844,-79.240093,Intersection,,Pedestrian Crossover,Clear,Daylight,Dry,Fatal,Pedestrian Collisions,Pedestrian,85 to 89,Fatal,38,South,,,,,Pedestrian hit a PXO/ped. Mid-block signal,"Crossing, Pedestrian Crossover",Unknown,,,,Yes,,,,Yes,,,,,Yes,,,,128,Agincourt South-Malvern West,128,Agincourt South-Malvern West (128),D42,473
-8834335.60609897,5414537.60777038,7860081,1374005,2013,2013/09/07 04:00:00+00,205,ROSEDALE VALLEY RD,BAYVIEW AVE,,Major Arterial,Toronto and East York,1113,43.670146,-79.360187,Intersection,,No Control,Clear,"Dark, artificial",Dry,Fatal,SMV Other,Motorcycle Driver,35 to 39,Fatal,39,East,Motorcycle,Going Ahead,Speed too Fast For Condition,Unknown,,,,,,,,,,Yes,,,,,Yes,Yes,,,,71,Cabbagetown-South St.James Town,71,Cabbagetown-South St.James Town (71),D51,474
-8843795.09114862,5433392.12008457,7863370,1375428,2013,2013/09/16 04:00:00+00,130,STEELES AVE W,BATHURST ST,,Major Arterial,North York,18,43.792533,-79.445163,Mid-Block,,No Control,Rain,"Dark, artificial",Wet,Fatal,Pedestrian Collisions,Pedestrian,20 to 24,Fatal,40,North,,,,,Pedestrian hit at mid-block,Running onto Roadway,Unknown,,,,Yes,,Yes,,,,,,,,,,,36,Newtonbrook West,36,Newtonbrook West (36),D32,475
-8849675.65456926,5404108.66383014,7864814,1376061,2013,2013/09/18 04:00:00+00,1634,LAKE SHORE BLVD W,DWIGHT AVE,,Major Arterial,Etobicoke York,3,43.602343,-79.497989,Intersection,,No Control,Clear,Daylight,Dry,Fatal,Cyclist Collisions,Cyclist,50 to 54,Fatal,41,West,Bicycle,Unknown,,,,,,"Cyclist without ROW rides into path of motorist at inter, lnwy, dwy-Cyclist not turn.",Lost control,Unknown,,Yes,Yes,,,,,Yes,,,,,,18,New Toronto,18,New Toronto (18),D22,476
-8863237.26285465,5427478.21158377,7867899,1377364,2013,2013/09/25 04:00:00+00,1859,STEELES AVE W,STEINWAY BLVD,,Major Arterial,Etobicoke York,1,43.754172,-79.619815,Intersection,,Stop Sign,Clear,"Dark, artificial",Dry,Fatal,Turning Movement,Motorcycle Driver,55 to 59,Fatal,42,East,Motorcycle,Going Ahead,Driving Properly,Normal,,,,,,,,,Yes,Yes,,,,,Yes,Yes,,,,1,West Humber-Clairville,1,West Humber-Clairville (1),D23,477
-8833352.09839781,5413354.0444339,7868316,1377536,2013,2013/09/26 04:00:00+00,1050,BROADVIEW AVE,DUNDAS ST E,,Major Arterial,Toronto and East York,14,43.662455,-79.351352,Intersection,,Traffic Signal,Clear,Daylight,Dry,Fatal,Pedestrian Collisions,Pedestrian,90 to 94,Fatal,43,North,,,,,Vehicle turns left while ped crosses with ROW at inter.,Crossing with right of way,Normal,,,,Yes,,Yes,,,,,,,Yes,,,,70,South Riverdale,70,South Riverdale (70),D55,478
-8843002.71901315,5408981.36118872,7887169,1385611,2013,2013/09/30 04:00:00+00,857,LAKE SHORE BLVD W,NET DR,,Major Arterial,Toronto and East York,4,43.634032,-79.438045,Intersection,,No Control,Clear,Daylight,Dry,Fatal,Turning Movement,Passenger,55 to 59,Fatal,46,,,,,,,,,,,,,,Yes,,,,,Yes,,,,,,85,South Parkdale,85,South Parkdale (85),D14,479
-8832399.20355662,5414152.40596919,7870081,1378332,2013,2013/10/01 04:00:00+00,1006,GERRARD ST E,CARLAW AVE,,Minor Arterial,Toronto and East York,14,43.667643,-79.342792,Intersection,At Intersection,Traffic Signal,Clear,Daylight,Dry,Fatal,Pedestrian Collisions,Pedestrian,55 to 59,Fatal,44,West,,,,,Vehicle turns right while ped crosses with ROW at inter.,Crossing with right of way,Unknown,,,,Yes,,,,Yes,,,,,Yes,,,,68,North Riverdale,68,North Riverdale (68),D55,480
-8844897.48806594,5430140.01072428,7871586,1379013,2013,2013/10/05 04:00:00+00,1945,FINCH AVE W,WILMINGTON AVE,,Major Arterial,North York,6,43.771441,-79.455066,Mid-Block,,No Control,Clear,"Dark, artificial",Dry,Fatal,Pedestrian Collisions,Pedestrian,70 to 74,Fatal,45,South,,,,,Pedestrian hit at mid-block,Running onto Roadway,Unknown,,,,Yes,,Yes,,,,,Yes,,,,,,35,Westminster-Branson,35,Westminster-Branson (35),D32,481
-8828038.93042174,5438320.26875488,7875613,1380760,2013,2013/10/08 04:00:00+00,2115,STEELES AVE E,TURFF  AVE,,Major Arterial,Scarborough,22,43.824481,-79.303623,Mid-Block,,No Control,Clear,Dark,Dry,Fatal,Pedestrian Collisions,Pedestrian,80 to 84,Fatal,47,North,,,,,Pedestrian hit at mid-block,"Crossing, no Traffic Control",Normal,,,,Yes,,Yes,,,,,Yes,,,,,,130,Milliken,130,Milliken (130),D42,482
-8838528.56603919,5411823.37760585,7876122,1380946,2013,2013/10/16 04:00:00+00,710,SPADINA Ave,DUNDAS St W,,Major Arterial,Toronto and East York,10,43.652507,-79.397853,Mid-Block,,No Control,Clear,Daylight,Wet,Fatal,Cyclist Collisions,Cyclist,25 to 29,Fatal,49,North,Bicycle,Going Ahead,,,,,,Cyclist and Driver travelling in same direction. One vehicle sideswipes the other.,Lost control,Normal,,Yes,,,Yes,,,,,,,,,78,Kensington-Chinatown,78,Kensington-Chinatown (78),D52,483
-8824049.68514967,5424022.51787182,7877499,1381541,2013,2013/10/20 04:00:00+00,45,KENNEDY RD,EGLINTON AVE E,,Major Arterial,Scarborough,20,43.731745,-79.267787,Mid-Block,,No Control,Clear,Dark,Dry,Fatal,Pedestrian Collisions,Pedestrian,20 to 24,Fatal,48,East,,,,,Pedestrian hit at mid-block,"Crossing, no Traffic Control",Unknown,,,,Yes,,Yes,,,,,,,,,Yes,,125,Ionview,125,Ionview (125),D41,484
-8841857.01881391,5419213.01920427,7884436,1384474,2013,2013/10/30 04:00:00+00,1022,CHILTERN HILL RD,EGLINTON AVE W,,Major Arterial,North York,812,43.700518,-79.427753,Intersection,,Stop Sign,Clear,Daylight,Dry,Fatal,Pedestrian Collisions,Pedestrian,Over 95,Fatal,50,West,,,,,Vehicle is going straight thru inter.while ped cross with ROW,Crossing with right of way,Unknown,,,,Yes,,Yes,,,,,,,Yes,,,,106,Humewood-Cedarvale,106,Humewood-Cedarvale (106),D13,485
-8830426.28822129,5420026.67055398,7886327,1385276,2013,2013/11/03 04:00:00+00,1625,18 LONGSPUR RD,,,Collector,Toronto and East York,19,43.705802,-79.325069,Intersection,,No Control,Clear,Daylight,Dry,Fatal,Pedestrian Collisions,Pedestrian,85 to 89,Fatal,55,West,Other,,,,Vehicle is reversing and hits pedestrian,Other,Normal,,,,Yes,,Yes,,,,,,,,,,,54,O'Connor-Parkview,54,O'Connor-Parkview (54),D55,486
-8839000.78331913,5413444.52604479,80000019,130927832,2013,2013/11/07 05:00:00+00,1141,HARBORD ST,SPADINA AVE,,Major Arterial,Toronto and East York,11,43.663043,-79.402095,Intersection,,Traffic Signal,Clear,Daylight,Dry,Fatal,Pedestrian Collisions,Pedestrian,60 to 64,Fatal,51,South,,,,,Vehicle is going straight thru inter.while ped cross with ROW,Crossing with right of way,Unknown,,,,Yes,,,,,Yes,,,,Yes,,,,79,University,79,University (79),D52,487
-8812755.76621124,5430359.99920042,80199653,3013932599,2013,2013/11/08 05:00:00+00,725,LAWRENCE AVE E,BENNETT RD,,Minor Arterial,Scarborough,25,43.772868,-79.166332,Intersection,Intersection Related,Traffic Signal,Clear,Daylight,Dry,Fatal,Pedestrian Collisions,Pedestrian,25 to 29,Fatal,52,South,,,,,Vehicle turns left while ped crosses with ROW at inter.,Crossing with right of way,Normal,,,,Yes,,Yes,,,,,,,Yes,,,,136,West Hill,136,West Hill (136),D43,488
-8838424.92759326,5417210.30109394,3738222,977199,2013,2013/11/15 05:00:00+00,1440,64 ST CLAIR AVE W,,,Major Arterial,Toronto and East York,12,43.68751,-79.396922,Mid-Block,,No Control,Clear,Daylight,Dry,Fatal,Pedestrian Collisions,Pedestrian,80 to 84,Fatal,53,South,,,,,Pedestrian involved in a collision with transit vehicle anywhere along roadway,"Crossing, no Traffic Control",Inattentive,,,,Yes,,Yes,,,Yes,,Yes,,,,,,97,Yonge-St.Clair,97,Yonge-St.Clair (97),D53,489
-8846249.57460112,5427123.13704691,8000010,3001005166,2013,2013/11/20 05:00:00+00,937,SHEPPARD AVE W,KODIAK CRES,,Major Arterial,North York,6,43.751868,-79.467212,Intersection,,Traffic Signal,Clear,Daylight,Dry,Fatal,Cyclist Collisions,Cyclist,20 to 24,Fatal,54,West,Bicycle,Going Ahead,,,,,,"Motorist without ROW drives into path of cyclist at inter, lnwy, dwy-Driver not turn.",Driving Properly,Normal,,Yes,Yes,,,,,,Yes,Yes,Yes,,,155,Downsview,26,Downsview-Roding-CFB (26),D32,490
-8821479.76338522,5424896.52721448,80198604,3001029733,2013,2013/11/24 05:00:00+00,1018,EGLINTON AVE E,OSWEGO RD,,Major Arterial,Scarborough,2120,43.737418,-79.244701,Mid-Block,Non Intersection,No Control,Clear,Daylight,Dry,Fatal,Approaching,Passenger,30 to 34,Fatal,57,,,,,,,,,,,,,,Yes,,,,,Yes,Yes,Yes,,,,138,Eglinton East,138,Eglinton East (138),D43,491
-8841522.39242458,5434075.62218099,80000012,131031283,2013,2013/11/24 05:00:00+00,1521,100 STEELES AVE W,,,Major Arterial,North York,18,43.796965,-79.424747,Intersection,,Traffic Signal,Clear,"Dark, artificial",Dry,Fatal,Pedestrian Collisions,Pedestrian,40 to 44,Fatal,56,South,,,,,Vehicle turns right while ped crosses with ROW at inter.,Crossing with right of way,Normal,,,,Yes,,Yes,,,,,,,Yes,,,,36,Newtonbrook West,36,Newtonbrook West (36),D32,492
-8844082.18411537,5409532.31334476,80000014,131058335,2013,2013/11/29 05:00:00+00,558,1491 LAKE SHORE BLVD W,,,Major Arterial,Toronto and East York,4,43.637614,-79.447742,Mid-Block,,No Control,Clear,"Dawn, artificial",Dry,Fatal,SMV Other,Driver,25 to 29,Fatal,58,East,"Automobile, Station Wagon",Going Ahead,Lost control,Unknown,,,,,,,,,Yes,,,,,,Yes,Yes,,,,85,South Parkdale,85,South Parkdale (85),D11,493
-8857382.19159739,5409044.11455086,80000015,13999959,2013,2013/11/30 05:00:00+00,1556,BLOOR ST W,NEILSON DR,,Major Arterial,Etobicoke York,2,43.63444,-79.567218,Intersection,,Traffic Signal,Other,Daylight,Other,Fatal,Turning Movement,Driver,30 to 34,Fatal,59,West,"Automobile, Station Wagon",Going Ahead,Driving Properly,Unknown,,,,,,,,,Yes,,,,,,,,,,,12,Markland Wood,12,Markland Wood (12),D22,494
-8857777.15315073,5408906.30380532,80000016,131086760,2013,2013/12/03 05:00:00+00,2100,MARKLAND DR,BLOOR ST W,,Major Arterial,Etobicoke York,2,43.633544,-79.570766,Intersection,,Traffic Signal,Clear,"Dark, artificial",Dry,Fatal,Pedestrian Collisions,Pedestrian,85 to 89,Fatal,60,East,,,,,Vehicle turns left while ped crosses with ROW at inter.,Crossing with right of way,Normal,,,,Yes,,Yes,,,,,,,Yes,,,,12,Markland Wood,12,Markland Wood (12),D22,495
-8840515.95290832,5433827.32246105,80000017,131092293,2013,2013/12/04 05:00:00+00,1847,DUMONT ST,OTONABEE AVE,,Local,North York,18,43.795355,-79.415706,Intersection,,No Control,Clear,"Dark, artificial",Dry,Fatal,Pedestrian Collisions,Pedestrian,75 to 79,Fatal,61,East,,,,,Pedestrian hit at mid-block,"Crossing, no Traffic Control",Unknown,,,,Yes,,Yes,,,,,,,,,,,50,Newtonbrook East,50,Newtonbrook East (50),D32,496
-8840058.20716218,5411617.36933563,80000018,131098349,2013,2013/12/05 05:00:00+00,1741,DUNDAS ST W,CLAREMONT ST,,Major Arterial,Toronto and East York,1110,43.651168,-79.411594,Intersection,,No Control,Clear,"Dark, artificial",Dry,Fatal,Pedestrian Collisions,Pedestrian,90 to 94,Fatal,62,North,,,,,Pedestrian hit at mid-block,"Crossing, no Traffic Control",Normal,,,,Yes,,Yes,,,,,,,,,,,81,Trinity-Bellwoods,81,Trinity-Bellwoods (81),D14,497
-8827823.19324858,5422578.18821538,80000055,131219717,2013,2013/12/24 05:00:00+00,1500,VICTORIA PARK AVE,O CONNOR DR,,Major Arterial,North York,1620,43.722369,-79.301685,Mid-Block,,Stop Sign,Clear,Daylight,Dry,Fatal,Pedestrian Collisions,Pedestrian,70 to 74,Fatal,63,East,,,,,Pedestrian hit at mid-block,"Crossing, no Traffic Control",Unknown,,,,Yes,,Yes,,,,,,,,,,,120,Clairlea-Birchmount,120,Clairlea-Birchmount (120),D41,498
-8844074.50307051,5418555.86792895,80000020,141375171,2014,2014/01/19 05:00:00+00,2145,EGLINTON AVE W,NORTHCLIFFE BLVD,,Major Arterial,North York,812,43.69625,-79.447673,Intersection,At Intersection,Traffic Signal,Clear,"Dark, artificial",Wet,Fatal,Pedestrian Collisions,Pedestrian,35 to 39,Fatal,1,South,,,,,Vehicle is going straight thru inter.while ped cross without ROW,Crossing without right of way,Unknown,,,,Yes,,Yes,,,,,,,,,,,107,Oakwood Village,107,Oakwood Village (107),D13,499
-8831111.6823261,5430702.24819028,80000021,141413547,2014,2014/01/26 05:00:00+00,1310,SHEPPARD AVE E,CONSUMERS RD,,Major Arterial,North York,17,43.775088,-79.331226,Intersection,,Traffic Signal,Snow,Daylight,Loose Snow,Fatal,Rear End,Driver,70 to 74,Fatal,2,East,Passenger Van,Going Ahead,Other,Unknown,,,,,,,,,Yes,,,,,Yes,,,,,,53,Henry Farm,53,Henry Farm (53),D33,500
-8823968.97851884,5420474.17856826,80000022,141513588,2014,2014/02/12 05:00:00+00,127,DANFORTH RD,HIBBERTS DR,,Minor Arterial,Scarborough,20,43.708708,-79.267062,Intersection,,No Control,Clear,"Dark, artificial",Dry,Fatal,Pedestrian Collisions,Pedestrian,50 to 54,Fatal,3,Unknown,,,,,Other / Undefined,Other,Had Been Drinking,,,,Yes,,Yes,,,,,,,,,,,120,Clairlea-Birchmount,120,Clairlea-Birchmount (120),D41,501
-8825980.18775901,5420849.017876,80000023,141518658,2014,2014/02/12 05:00:00+00,2017,ST CLAIR AVE E,HERRON AVE,,Major Arterial,Scarborough,20,43.711142,-79.285129,Mid-Block,,No Control,Clear,"Dark, artificial",Ice,Fatal,Pedestrian Collisions,Pedestrian,15 to 19,Fatal,4,South,,,,,Pedestrian hit at mid-block,"Crossing, no Traffic Control",Unknown,,,,Yes,,Yes,,,,,,Yes,Yes,,,,120,Clairlea-Birchmount,120,Clairlea-Birchmount (120),D41,502
-8833298.55372274,5427598.11397231,80000024,141603063,2014,2014/02/26 05:00:00+00,1646,YORK MILLS RD,UPJOHN RD,,Major Arterial,North York,16,43.75495,-79.350871,Intersection,,No Control,Clear,Daylight,Dry,Fatal,Turning Movement,Driver,80 to 84,Fatal,5,East,"Automobile, Station Wagon",Going Ahead,Driving Properly,Normal,,,,,,,,,Yes,,,,,Yes,,Yes,,,,42,Banbury-Don Mills,42,Banbury-Don Mills (42),D33,503
-8850913.97258485,5412559.29081091,80000025,141649049,2014,2014/03/06 05:00:00+00,735,PRINCE EDWARD DR N,SHAND AVE,,Collector,Etobicoke York,3,43.65729,-79.509113,Intersection,,No Control,Snow,Daylight,Slush,Fatal,SMV Other,Driver,50 to 54,Fatal,6,South,"Automobile, Station Wagon",Pulling Onto Shoulder or towardCurb,Lost control,Unknown,,,,,,,,,Yes,,,,,,,,,,,15,Kingsway South,15,Kingsway South (15),D22,504
-8838751.98425721,5411828.60864487,80000026,141945030,2014,2014/04/23 04:00:00+00,1755,DUNDAS ST W,KENSINGTON AVE,,Major Arterial,Toronto and East York,1110,43.652541,-79.39986,Intersection,,No Control,Clear,"Daylight, artificial",Dry,Fatal,Pedestrian Collisions,Pedestrian,25 to 29,Fatal,7,South,,,,,Vehicle is going straight thru inter.while ped cross without ROW,"Crossing, no Traffic Control",Inattentive,,,,Yes,,Yes,,,,,,,,,,,78,Kensington-Chinatown,78,Kensington-Chinatown (78),D14,505
-8859203.15582779,5413047.67535575,80000027,142041479,2014,2014/05/08 04:00:00+00,2108,RENFORTH DR,ERINGATE DR,,Minor Arterial,Etobicoke York,2,43.660464,-79.583576,Mid-Block,,No Control,Clear,"Dusk, artificial",Dry,Fatal,Turning Movement,Motorcycle Driver,20 to 24,Fatal,8,North,Motorcycle,Going Ahead,Exceeding Speed Limit,Unknown,,,,,,,,,Yes,Yes,,,,,Yes,Yes,,,,11,Eringate-Centennial-West Deane,11,Eringate-Centennial-West Deane (11),D22,506
-8838893.80528848,5411785.68344162,8000012,142049204,2014,2014/05/10 04:00:00+00,233,DUNDAS ST W,AUGUSTA AVE,,Major Arterial,Toronto and East York,1110,43.652262,-79.401134,Intersection,,No Control,Clear,"Dark, artificial",Dry,Fatal,Pedestrian Collisions,Pedestrian,25 to 29,Fatal,9,Unknown,,,,,Other / Undefined,Other,Had Been Drinking,,,,Yes,,Yes,,,,,Yes,,,,,,78,Kensington-Chinatown,78,Kensington-Chinatown (78),D14,507
-8859598.00606163,5419014.54473457,80000029,142120007,2014,2014/05/21 04:00:00+00,610,HIGHWAY 27  S,BELFIELD RD,,Major Arterial,Etobicoke York,1,43.699229,-79.587123,Intersection,,Traffic Signal,Clear,Daylight,Dry,Fatal,Rear End,Driver,40 to 44,Fatal,10,South,"Automobile, Station Wagon",Stopped,Driving Properly,Normal,,,,,,,,,Yes,,,,,,,,,,,1,West Humber-Clairville,1,West Humber-Clairville (1),D23,508
-8838484.37220134,5428875.21737009,80000030,142211983,2014,2014/06/03 04:00:00+00,1250,53 CRAIGMORE CRES,,,Local,North York,18,43.763236,-79.397456,Mid-Block,,No Control,Clear,Daylight,Dry,Fatal,Pedestrian Collisions,Pedestrian,85 to 89,Fatal,11,West,,,,,Vehicle is reversing and hits pedestrian,Other,Normal,,,,Yes,,Yes,,,,,,,,,,,153,Avondale,51,Willowdale East (51),D32,509
-8834074.89585153,5415302.5187348,80000031,142300273,2014,2014/06/16 04:00:00+00,827,BROADVIEW AVE,FAIRVIEW BLVD,,Minor Arterial,Toronto and East York,14,43.675116,-79.357845,Mid-Block,,No Control,Rain,Daylight,Wet,Fatal,SMV Other,Motorcycle Driver,45 to 49,Fatal,12,North,Motorcycle,Going Ahead,Driving Properly,Unknown,,,,,,,,,,Yes,,,,,,,,,,68,North Riverdale,68,North Riverdale (68),D55,510
-8831055.57730274,5435178.24628839,80000034,142454660,2014,2014/07/08 04:00:00+00,1024,MCNICOLL AVE,PHARMACY AVE,,Minor Arterial,Scarborough,22,43.804114,-79.330722,Intersection,At Intersection,Traffic Signal,Clear,Daylight,Dry,Fatal,Angle,Passenger,85 to 89,Fatal,15,,,,,,,,,,,,,,Yes,,,,,Yes,,Yes,Yes,,,116,Steeles,116,Steeles (116),D42,511
-8844623.19684063,5412493.59013436,80000032,142471584,2014,2014/07/10 04:00:00+00,1909,BLOOR ST W,DUNDAS ST W,,Minor Arterial,Toronto and East York,4,43.656863,-79.452602,Mid-Block,,No Control,Clear,Daylight,Dry,Fatal,Pedestrian Collisions,Pedestrian,65 to 69,Fatal,13,East,,,,,Vehicle is reversing and hits pedestrian,Other,Unknown,,,,Yes,,Yes,,,,,,,,,,,88,High Park North,88,High Park North (88),D11,512
-8835218.81493892,5419868.52339173,80000033,142510103,2014,2014/07/16 04:00:00+00,1615,MCRAE DR,MILLWOOD RD,,Collector,North York,15,43.704775,-79.368121,Intersection,At Intersection,Traffic Signal,Clear,Daylight,Dry,Fatal,Pedestrian Collisions,Pedestrian,5 to 9,Fatal,14,West,,,,,Vehicle turns right while ped crosses with ROW at inter.,Crossing with right of way,Normal,,,,Yes,,Yes,,,,,,,Yes,,,,56,Leaside-Bennington,56,Leaside-Bennington (56),D53,513
-8863019.85588913,5424528.61049379,80000035,142586405,2014,2014/07/28 04:00:00+00,553,HUMBERLINE DR,FINCH AVE W,,Major Arterial,Etobicoke York,1,43.73503,-79.617862,Intersection,At Intersection,Traffic Signal,Rain,"Dawn, artificial",Wet,Fatal,Pedestrian Collisions,Pedestrian,30 to 34,Fatal,16,North,,,,,Pedestrian involved in a collision with transit vehicle anywhere along roadway,Crossing without right of way,Unknown,,,,Yes,,,,,Yes,,,,,,,,1,West Humber-Clairville,1,West Humber-Clairville (1),D23,514
-8839847.5906856,5431620.98747609,80000036,142588079,2014,2014/07/28 04:00:00+00,1200,DUDLEY AVE,FINCH AVE E,,Major Arterial,North York,18,43.781047,-79.409702,Intersection,,Stop Sign,Clear,Daylight,Dry,Fatal,Turning Movement,Driver,90 to 94,Fatal,17,North,"Automobile, Station Wagon",Turning Left,Disobeyed Traffic Control,Unknown,,,,,,,,,Yes,,,,,Yes,,Yes,,,,152,East Willowdale,51,Willowdale East (51),D32,515
-8818470.68622958,5434251.59516367,80485494,4002616805,2014,2014/08/01 04:00:00+00,1722,SHEPPARD AVE E,NEILSON RD,,Major Arterial,Scarborough,2325,43.798106,-79.21767,Intersection,Intersection Related,Traffic Signal,Clear,Daylight,Dry,Fatal,Cyclist Collisions,Cyclist,15 to 19,Fatal,18,North,Bicycle,Going Ahead,,,,,,"Motorist without ROW drives into path of cyclist at inter, lnwy, dwy-Driver not turn.",Driving Properly,Inattentive,,Yes,Yes,,,,,,Yes,Yes,,,,146,Malvern East,132,Malvern (132),D42,516
-8840624.71205083,5432135.05272775,80000038,142655086,2014,2014/08/07 04:00:00+00,1618,5800 YONGE ST,,,Major Arterial,North York,18,43.784381,-79.416683,Intersection,At Intersection,Traffic Signal,Clear,Daylight,Dry,Fatal,Pedestrian Collisions,Pedestrian,40 to 44,Fatal,19,South,,,,,Pedestrian hit on sidewalk or shoulder,On Sidewalk or Shoulder,Unknown,,,,Yes,,Yes,,,,,Yes,,Yes,Yes,,,50,Newtonbrook East,50,Newtonbrook East (50),D32,517
-8844548.39014282,5415437.65445913,80000039,142657110,2014,2014/08/07 04:00:00+00,2214,ST CLAIR AVE W,LANSDOWNE AVE,,Major Arterial,Toronto and East York,9,43.675994,-79.45193,Mid-Block,,No Control,Clear,"Dark, artificial",Dry,Fatal,Pedestrian Collisions,Pedestrian,65 to 69,Fatal,20,Unknown,,,,,Pedestrian involved in a collision with transit vehicle anywhere along roadway,Coming From Behind Parked Vehicle,Unknown,,,,Yes,,,,,Yes,,,,,,,,92,Corso Italia-Davenport,92,Corso Italia-Davenport (92),D13,518