X,Y,INDEX_,ACCNUM,YEAR,DATE,TIME,STREET1,STREET2,OFFSET,ROAD_CLASS,DISTRICT,WARDNUM,LATITUDE,LONGITUDE,LOCCOORD,ACCLOC,TRAFFCTL,VISIBILITY,LIGHT,RDSFCOND,ACCLASS,IMPACTYPE,INVTYPE,INVAGE,INJURY,FATAL_NO,INITDIR,VEHTYPE,MANOEUVER,DRIVACT,DRIVCOND,PEDTYPE,PEDACT,PEDCOND,CYCLISTYPE,CYCACT,CYCCOND,PEDESTRIAN,CYCLIST,AUTOMOBILE,MOTORCYCLE,TRUCK,TRSN_CITY_VEH,EMERG_VEH,PASSENGER,SPEEDING,AG_DRIV,REDLIGHT,ALCOHOL,DISABILITY,HOOD_158,NEIGHBOURHOOD_158,HOOD_140,NEIGHBOURHOOD_140,DIVISION,ObjectId
-8826461.75587618,5432346.14541286,80485509,4002712534,2014,2014/08/16 04:00:00+00,515,KENNEDY RD,BONIS AVE,4 m North of,Major Arterial,Scarborough,22,43.78575,-79.289455,Intersection,Intersection Related,Traffic Signal,Clear,"Dark, artificial",Dry,Fatal,Pedestrian Collisions,Pedestrian,85 to 89,Fatal,24,West,,,,,Vehicle turns left while ped crosses with ROW at inter.,Crossing with right of way,Normal,,,,Yes,,Yes,,,,,,,Yes,,,,128,Agincourt South-Malvern West,128,Agincourt South-Malvern West (128),D42,519
-8827293.20115292,5419479.09563009,80000041,142723300,2014,2014/08/17 04:00:00+00,2306,DAWES RD,GOWER ST,,Minor Arterial,Toronto and East York,19,43.702246,-79.296924,Intersection,At Intersection,Traffic Signal,Clear,"Dark, artificial",Dry,Fatal,Pedestrian Collisions,Pedestrian,60 to 64,Fatal,22,West,,,,,Vehicle turns left while ped crosses with ROW at inter.,Crossing with right of way,Unknown,,,,Yes,,Yes,,,,,Yes,,Yes,,,,61,Taylor-Massey,61,Taylor-Massey (61),D55,520
-8854975.24156746,5402161.93273075,81577653,1001151188,2021,2021/06/19 04:00:00+00,2219,LAKE SHORE BLVD W,FORTY SECOND ST,,Major Arterial,Etobicoke York,,43.589678,-79.545596,Intersection,At Intersection,Stop Sign,Clear,"Dark, artificial",Dry,Fatal,Turning Movement,Motorcycle Driver,35 to 39,Fatal,10,East,Motorcycle,Going Ahead,Other,Unknown,,,,,,,,,Yes,Yes,,,,,,,,,,19,Long Branch,19,Long Branch (19),D22,521
-8840247.56161602,5431484.99780442,81577521,1001163687,2021,2021/06/21 04:00:00+00,1842,FINCH AVE E,KENNETH AVE,90 m West of,Major Arterial,North York,,43.780165,-79.413295,Mid-Block,Non Intersection,No Control,Clear,Daylight,Dry,Fatal,Rear End,Passenger,75 to 79,Fatal,12,,,,,,,,,,,,,,Yes,,,Yes,,Yes,,,,,,151,Yonge-Doris,51,Willowdale East (51),D32,522
-8827137.79914377,5433696.23524506,81577656,1001195784,2021,2021/06/26 04:00:00+00,1004,HUNTINGWOOD DR,COLINAYRE CRES,,Minor Arterial,Scarborough,22,43.794505,-79.295528,Intersection,At Intersection,No Control,Clear,Daylight,Dry,Fatal,SMV Other,Motorcycle Driver,55 to 59,Fatal,13,East,Motorcycle,Going Ahead,Lost control,Unknown,,,,,,,,,,Yes,,,,,,,,,,118,Tam O'Shanter-Sullivan,118,Tam O'Shanter-Sullivan (118),D42,523
-8833786.91232885,5413324.80736813,81577658,1001249614,2021,2021/07/03 04:00:00+00,2233,DON VALLEY PARKWAY  S,GERRARD ST E,,Expressway,Toronto and East York,,43.662265,-79.355258,Mid-Block,Non Intersection,No Control,Clear,"Dark, artificial",Dry,Fatal,Pedestrian Collisions,Pedestrian,15 to 19,Fatal,14,West,,,,,Pedestrian hit at mid-block,"Crossing, no Traffic Control",Unknown,,,,Yes,,Yes,,,,,,,,,,,70,South Riverdale,70,South Riverdale (70),D55,524
-8810513.56902768,5434366.34184577,81577660,1001250454,2021,2021/07/04 04:00:00+00,138,KINGSTON RD,SHEPPARD AVE E,,Major Arterial,Scarborough,25,43.79885,-79.14619,Intersection,At Intersection,Traffic Signal,Clear,"Dark, artificial",Dry,Fatal,Angle,Driver,20 to 24,Fatal,15,West,"Automobile, Station Wagon",Going Ahead,Disobeyed Traffic Control,Normal,,,,,,,,,Yes,,,Yes,,,,Yes,Yes,,,133,Centennial Scarborough,133,Centennial Scarborough (133),D42,525
-8846048.30896177,5426877.33607544,81577648,1001250737,2021,2021/07/04 04:00:00+00,325,SHEPPARD AVE W,WILLIAM R ALLEN RD,,Major Arterial,North York,,43.750273,-79.465404,Mid-Block,Non Intersection,No Control,Clear,Dark,Dry,Fatal,SMV Other,Motorcycle Driver,30 to 34,Fatal,16,East,Motorcycle,Going Ahead,Lost control,Inattentive,,,,,,,,,,Yes,,,,,,,,,,155,Downsview,26,Downsview-Roding-CFB (26),D32,526
-8856022.42401735,5414799.39411137,81578466,1001297899,2021,2021/07/10 04:00:00+00,2147,WINTERTON DR,LLOYD MANOR RD,,Collector,Etobicoke York,,43.671847,-79.555003,Intersection,At Intersection,Stop Sign,Clear,"Dark, artificial",Dry,Fatal,SMV Other,Driver,60 to 64,Fatal,17,North,"Automobile, Station Wagon",Going Ahead,Lost control,"Ability Impaired, Drugs",,,,,,,,,Yes,,,,,,Yes,Yes,,,,10,Princess-Rosethorn,10,Princess-Rosethorn (10),D22,527
-8860732.68563129,5417699.5474459,81579338,1001364901,2021,2021/07/20 04:00:00+00,1611,CARLINGVIEW DR,CONSTELLATION CRT,,Major Arterial,Etobicoke York,,43.690688,-79.597316,Intersection,At Intersection,No Control,Clear,Daylight,Dry,Fatal,SMV Other,Driver,65 to 69,Fatal,20,South,"Automobile, Station Wagon",Going Ahead,Lost control,Unknown,,,,,,,,,Yes,,,,,Yes,,,,,,1,West Humber-Clairville,1,West Humber-Clairville (1),D23,528
-8860732.68563129,5417699.5474459,81579339,1001364901,2021,2021/07/20 04:00:00+00,1611,CARLINGVIEW DR,CONSTELLATION CRT,,Major Arterial,Etobicoke York,,43.690688,-79.597316,Intersection,At Intersection,No Control,Clear,Daylight,Dry,Fatal,SMV Other,Passenger,65 to 69,Fatal,19,,,,,,,,,,,,,,Yes,,,,,Yes,,,,,,1,West Humber-Clairville,1,West Humber-Clairville (1),D23,529
-8858578.87612342,5415658.37013328,81579343,1001373443,2021,2021/07/21 04:00:00+00,1937,27 S 427 C S RAMP,HIGHWAY 401 X  E,,Expressway Ramp,Etobicoke York,,43.677428,-79.577968,Mid-Block,Non Intersection,No Control,Clear,Daylight,Dry,Fatal,Rear End,Passenger,35 to 39,Fatal,21,,,,,,,,,,,,,,Yes,,,,,Yes,Yes,Yes,,,,1,West Humber-Clairville,1,West Humber-Clairville (1),D23,530
-8821960.44094646,5420641.73016542,81579336,1001388501,2021,2021/07/23 04:00:00+00,2110,2472 KINGSTON RD,,120 M WEST OF MIDLAND AVE,Major Arterial,Scarborough,,43.709796,-79.249019,Mid-Block,Non Intersection,,Clear,"Dark, artificial",Dry,Fatal,Pedestrian Collisions,Pedestrian,70 to 74,Fatal,22,Unknown,,,,,Pedestrian hit at mid-block,"Crossing, no Traffic Control",Inattentive,,,,Yes,,Yes,,,,,,Yes,Yes,,,,122,Birchcliffe-Cliffside,122,Birchcliffe-Cliffside (122),D41,531
-8853157.72824128,5407947.06874394,81579342,1001428194,2021,2021/07/29 04:00:00+00,1522,751 KIPLING AVE,,JUTLAND RD,Major Arterial,Etobicoke York,,43.627307,-79.529269,Mid-Block,At/Near Private Drive,No Control,Clear,Daylight,Dry,Fatal,Turning Movement,Motorcycle Driver,35 to 39,Fatal,23,North,Motorcycle,Going Ahead,Exceeding Speed Limit,Unknown,,,,,,,,,Yes,Yes,,,,,Yes,Yes,,,,159,Etobicoke City Centre,14,Islington-City Centre West (14),D22,532
-8845042.76000143,5422451.26561334,81579346,1001479611,2021,2021/08/05 04:00:00+00,2302,DUFFERIN ST,RANEE AVE,,Major Arterial,North York,,43.721545,-79.456371,Intersection,At Intersection,Traffic Signal,Clear,"Dark, artificial",Dry,Fatal,Turning Movement,Motorcycle Driver,15 to 19,Fatal,24,North,Motorcycle,Going Ahead,Disobeyed Traffic Control,Unknown,,,,,,,,,Yes,Yes,,,,,,Yes,Yes,Yes,,31,Yorkdale-Glen Park,31,Yorkdale-Glen Park (31),D32,533
-8852131.80781413,5410722.92514993,81579847,1001538488,2021,2021/08/14 04:00:00+00,243,BLOOR ST W,EAGLE RD,,Major Arterial,Etobicoke York,,43.645354,-79.520053,Mid-Block,Non Intersection,No Control,Clear,"Dark, artificial",Dry,Fatal,Pedestrian Collisions,Passenger,20 to 24,Fatal,25,,,,,,,,,,,,,,Yes,,,,,Yes,Yes,Yes,,,,16,Stonegate-Queensway,16,Stonegate-Queensway (16),D22,534
-8834233.6374454,5417747.1187226,81580152,1001547694,2021,2021/08/15 04:00:00+00,1415,DON VALLEY PARKWAY  N,BAYVIEW BLOOR DVP N RAMP,1 km North of,Expressway,Scarborough,,43.690997,-79.359271,Mid-Block,Non Intersection,No Control,Clear,Daylight,Dry,Fatal,Rear End,Motorcycle Driver,20 to 24,Fatal,29,North,Motorcycle,Going Ahead,Speed too Fast For Condition,Unknown,,,,,,,,,,Yes,Yes,,,Yes,Yes,Yes,,,,57,Broadview North,57,Broadview North (57),D55,535
-8840498.14178979,5431423.32514514,81580411,1001569148,2021,2021/08/18 04:00:00+00,1442,YONGE ST,FINCH AVE E,,Major Arterial,North York,18,43.779765,-79.415546,Intersection,At Intersection,Traffic Signal,Clear,Daylight,Dry,Fatal,Pedestrian Collisions,Pedestrian,80 to 84,Fatal,35,East,,,,,Vehicle turns left while ped crosses with ROW at inter.,Crossing with right of way,Normal,,,,Yes,,,,,,,,,,,,,151,Yonge-Doris,51,Willowdale East (51),D32,536
-8838110.67267075,5414306.76177378,81579849,1001570554,2021,2021/08/18 04:00:00+00,1810,AVENUE RD,BLOOR ST W,,Major Arterial,North York,11,43.668646,-79.394099,Mid-Block,Non Intersection,No Control,Clear,Daylight,Dry,Fatal,Cyclist Collisions,Cyclist,15 to 19,Fatal,26,North,Bicycle,Going Ahead,,,,,,Cyclist and Driver travelling in same direction. One vehicle rear-ended the other.,Driving Properly,Unknown,,Yes,,,Yes,,,,,Yes,,,,169,Bay-Cloverhill,76,Bay Street Corridor (76),D52,537
-8817877.01938518,5433050.8506695,81579851,1001585997,2021,2021/08/20 04:00:00+00,2020,NEILSON RD,OAKMEADOW BLVD,,Minor Arterial,Scarborough,,43.79032,-79.212337,Mid-Block,Non Intersection,No Control,Clear,Daylight,Dry,Fatal,Pedestrian Collisions,Pedestrian,30 to 34,Fatal,27,Unknown,,,,,Pedestrian hit at mid-block,Other,Medical or Physical Disability,,,,Yes,,Yes,,,,,,,,,,,135,Morningside,135,Morningside (135),D43,538
-8846015.13575351,5420034.21610461,81579853,1001597350,2021,2021/08/22 04:00:00+00,1533,CALEDONIA RD,LOTHERTON PTWY,,Minor Arterial,North York,,43.705851,-79.465106,Intersection,At Intersection,No Control,Clear,Daylight,Dry,Fatal,Turning Movement,Motorcycle Driver,35 to 39,Fatal,28,South,Motorcycle,Going Ahead,Exceeding Speed Limit,Inattentive,,,,,,,,,Yes,Yes,,,,,Yes,Yes,,,,31,Yorkdale-Glen Park,31,Yorkdale-Glen Park (31),D13,539
-8832958.91795633,5431330.35439109,81580251,1001608912,2021,2021/08/24 04:00:00+00,844,5 FAIRVIEW MALL DR,,,Minor Arterial,North York,,43.779162,-79.34782,Mid-Block,Non Intersection,No Control,Clear,Daylight,Dry,Fatal,Pedestrian Collisions,Pedestrian,85 to 89,Fatal,30,West,,,,,Pedestrian hit on sidewalk or shoulder,On Sidewalk or Shoulder,Normal,,,,Yes,,Yes,,,,,,,,,,,47,Don Valley Village,47,Don Valley Village (47),D33,540
-8836613.42551958,5410042.84243907,81432989,1001622645,2021,2021/08/26 04:00:00+00,330,HARBOUR ST,YORK ST,,Major Arterial,Toronto and East York,10,43.640933,-79.380649,Intersection,At Intersection,Traffic Signal,Clear,"Dark, artificial",Dry,Fatal,Pedestrian Collisions,Pedestrian,25 to 29,Fatal,31,Unknown,,,,,Unknown,Other,Unknown,,,,Yes,,Yes,,,,,,Yes,Yes,,,,166,St Lawrence-East Bayfront-The Islands,77,Waterfront Communities-The Island (77),D52,541
-8838581.22015833,5409222.53330032,81580254,1001633249,2021,2021/08/27 04:00:00+00,1400,QUEENS QUAY WEST,BATHURST ST,,Major Arterial,Toronto and East York,10,43.6356,-79.398326,Intersection,At Intersection,Traffic Signal,Clear,Daylight,Dry,Fatal,Pedestrian Collisions,Pedestrian,85 to 89,Fatal,32,North,,,,,Vehicle turns right while ped crosses with ROW at inter.,Crossing with right of way,Normal,,,,Yes,,Yes,,,,,,,Yes,,,,163,Fort York-Liberty Village,82,Niagara (82),D14,542
-8844882.23729571,5412314.03118381,81580727,1001657810,2021,2021/08/30 04:00:00+00,2205,BLOOR ST W,DORVAL RD,,Major Arterial,Toronto and East York,,43.655696,-79.454929,Mid-Block,Non Intersection,No Control,Clear,"Dusk, artificial",Dry,Fatal,Sideswipe,Motorcycle Driver,30 to 34,Fatal,33,West,Motorcycle,Going Ahead,Driving Properly,Unknown,,,,,,,,,Yes,Yes,,,,,,Yes,,,,87,High Park-Swansea,87,High Park-Swansea (87),D11,543
-8829897.18668155,5415323.14296578,81581481,1001719723,2021,2021/09/01 04:00:00+00,1124,COXWELL AVE,GERRARD ST E,,Minor Arterial,Toronto and East York,,43.67525,-79.320316,Intersection,At Intersection,Traffic Signal,Clear,Daylight,Dry,Fatal,Other,Passenger,85 to 89,Fatal,36,,,,,,,,,,,,,,,,,Yes,,Yes,,,,,,65,Greenwood-Coxwell,65,Greenwood-Coxwell (65),D55,544
-8837704.80180732,5412943.19520581,81581478,1001685952,2021,2021/09/03 04:00:00+00,1735,COLLEGE ST,UNIVERSITY AVE,,Major Arterial,Toronto and East York,,43.659785,-79.390453,Intersection,At Intersection,Traffic Signal,Clear,Daylight,Dry,Fatal,Turning Movement,Motorcycle Driver,20 to 24,Fatal,34,East,Motorcycle,Going Ahead,Disobeyed Traffic Control,Inattentive,,,,,,,,,,Yes,,,Yes,,,Yes,Yes,,,170,Yonge-Bay Corridor,76,Bay Street Corridor (76),D52,545
-8851697.88443901,5419146.65527214,81581791,1001791905,2021,2021/09/18 04:00:00+00,1355,LAWRENCE AVE  W,WESTON RD,,Major Arterial,Etobicoke York,5,43.700087,-79.516155,Intersection,At Intersection,Traffic Signal,Clear,Daylight,Dry,Fatal,Turning Movement,Motorcycle Driver,45 to 49,Fatal,37,South,Motorcycle,Going Ahead,Exceeding Speed Limit,Unknown,,,,,,,,,Yes,Yes,,,,,Yes,Yes,,,,113,Weston,113,Weston (113),D12,546
-8830193.51916604,5430715.19840153,81588057,1001804125,2021,2021/09/20 04:00:00+00,1033,VICTORIA PARK AVE,SHEPPARD AVE E,,Major Arterial,North York,1722,43.775172,-79.322978,Intersection,At Intersection,Traffic Signal,Clear,Daylight,Dry,Fatal,Pedestrian Collisions,Pedestrian,70 to 74,Fatal,38,Unknown,,,,,Pedestrian hit on sidewalk or shoulder,On Sidewalk or Shoulder,Normal,,,,Yes,,Yes,,,,,,Yes,Yes,,,,118,Tam O'Shanter-Sullivan,118,Tam O'Shanter-Sullivan (118),D42,547
-8822967.65969916,5424440.48521615,81582706,1001888393,2021,2021/10/01 04:00:00+00,2039,EGLINTON AVE E,MIDLAND AVE,,Major Arterial,Scarborough,2120,43.734458,-79.258067,Intersection,At Intersection,Traffic Signal,Clear,Dark,Dry,Fatal,Pedestrian Collisions,Pedestrian,45 to 49,Fatal,39,South,,,,,Vehicle turns left while ped crosses with ROW at inter.,Crossing with right of way,Normal,,,,Yes,,Yes,,,,,Yes,,Yes,,,,124,Kennedy Park,124,Kennedy Park (124),D41,548
-8850767.81009344,5407013.61343146,81582708,1001896382,2021,2021/10/03 04:00:00+00,132,F G GARDINER XY  E,ISLINGTON AVE,,Expressway,Etobicoke York,,43.621237,-79.5078,Mid-Block,Non Intersection,No Control,Clear,Dark,Dry,Fatal,Rear End,Passenger,55 to 59,Fatal,40,,,,,,,,,,,,,,Yes,,,,,Yes,Yes,Yes,,,,160,Mimico-Queensway,17,Mimico (includes Humber Bay Shores) (17),D22,549
-8844847.39429509,5410039.91977587,81583780,1001961568,2021,2021/10/12 04:00:00+00,1639,PARKSIDE DR,SPRING RD,,Major Arterial,Scarborough,4,43.640914,-79.454616,Intersection,Intersection Related,Traffic Signal,Clear,Daylight,Dry,Fatal,Rear End,Passenger,65 to 69,Fatal,42,,,,,,,,,,,,,,Yes,,,,,Yes,Yes,Yes,,,,87,High Park-Swansea,87,High Park-Swansea (87),D11,550
-8844847.39429509,5410039.91977587,81588052,1001961568,2021,2021/10/12 04:00:00+00,1639,PARKSIDE DR,SPRING RD,,Major Arterial,Scarborough,4,43.640914,-79.454616,Intersection,Intersection Related,Traffic Signal,Clear,Daylight,Dry,Fatal,Rear End,Driver,70 to 74,Fatal,41,South,"Automobile, Station Wagon",Going Ahead,Driving Properly,Unknown,,,,,,,,,Yes,,,,,Yes,Yes,Yes,,,,87,High Park-Swansea,87,High Park-Swansea (87),D11,551
-8832407.66383792,5424044.85622993,81583786,1001970214,2021,2021/10/13 04:00:00+00,1927,DON MILLS RD,THE DONWAY  W,,Minor Arterial,North York,,43.73189,-79.342868,Mid-Block,Non Intersection,No Control,Clear,"Dark, artificial",Dry,Fatal,Pedestrian Collisions,Pedestrian,60 to 64,Fatal,43,South,,,,,Pedestrian hit at mid-block,"Crossing, no Traffic Control",Inattentive,,,,Yes,,Yes,,,,,Yes,,,,,,42,Banbury-Don Mills,42,Banbury-Don Mills (42),D33,552
-8855649.61504268,5411145.9830746,81583788,1001982074,2021,2021/10/15 04:00:00+00,1201,BURNHAMTHORPE RD,SHAVER AVE N,,Major Arterial,Etobicoke York,2,43.648104,-79.551654,Intersection,At Intersection,Stop Sign,Clear,Daylight,Dry,Fatal,Angle,Driver,55 to 59,Fatal,44,South,"Automobile, Station Wagon",Going Ahead,Disobeyed Traffic Control,Unknown,,,,,,,,,Yes,,,,,,Yes,Yes,,,,158,Islington,14,Islington-City Centre West (14),D22,553
-8823624.22205586,5418659.17985018,81584155,1002009493,2021,2021/10/19 04:00:00+00,1140,DANFORTH AVE,BIRCHMOUNT RD,,Minor Arterial,Scarborough,20,43.696921,-79.263965,Intersection,At Intersection,Traffic Signal,Clear,Daylight,Dry,Fatal,Pedestrian Collisions,Pedestrian,15 to 19,Fatal,45,North,,,,,Vehicle turns left while ped crosses with ROW at inter.,Crossing with right of way,Normal,,,,Yes,,Yes,,,,,,,Yes,,,,122,Birchcliffe-Cliffside,122,Birchcliffe-Cliffside (122),D41,554
-8833116.88031376,5418104.14204853,81584159,1002013655,2021,2021/10/19 04:00:00+00,2136,O CONNOR DR,PEPLER AVE,,Major Arterial,Toronto and East York,,43.693316,-79.349239,Mid-Block,Non Intersection,No Control,Clear,"Dark, artificial",Dry,Fatal,Pedestrian Collisions,Pedestrian,80 to 84,Fatal,46,North,,,,,Pedestrian hit at mid-block,"Crossing, no Traffic Control",Inattentive,,,,Yes,,Yes,,,,,,,,,,,58,Old East York,58,Old East York (58),D55,555
-8852885.99736425,5424463.90303997,81588337,1002048741,2021,2021/10/24 04:00:00+00,2019,2233 BARTOR RD,,100 m South of SHEPPARD AVE W,Minor Arterial,Etobicoke York,7,43.73461,-79.526828,Mid-Block,Non Intersection,No Control,Clear,Dark,Dry,Fatal,Rear End,Driver,45 to 49,Fatal,49,South,"Automobile, Station Wagon",Stopped,Other,Unknown,,,,,,,,,Yes,,,,,,,,,,,154,Oakdale-Beverley Heights,26,Downsview-Roding-CFB (26),D31,556
-8852147.94914029,5403344.06380634,81588521,1002054917,2021,2021/10/25 04:00:00+00,1835,LAKE SHORE BLVD W,TWENTY FIRST ST,21 m west of,Major Arterial,Etobicoke York,3,43.597369,-79.520198,Mid-Block,Non Intersection,No Control,Rain,"Dusk, artificial",Wet,Fatal,Pedestrian Collisions,Pedestrian,65 to 69,Fatal,48,South,,,,,Pedestrian hit at mid-block,"Crossing, no Traffic Control",Medical or Physical Disability,,,,Yes,,Yes,,,,,,,,,,,18,New Toronto,18,New Toronto (18),D22,557
-8824897.27175257,5426986.13494504,81582214,1002090164,2021,2021/10/30 04:00:00+00,1840,KENNEDY RD,LAWRENCE AVE E,,Major Arterial,Scarborough,,43.750979,-79.275401,Mid-Block,Non Intersection,No Control,Rain,"Dark, artificial",Wet,Fatal,Pedestrian Collisions,Pedestrian,65 to 69,Fatal,47,East,,,,,Pedestrian hit at mid-block,"Crossing, no Traffic Control",Normal,,,,Yes,,Yes,,,,,,,,,,,126,Dorset Park,126,Dorset Park (126),D41,558
-8833775.89169926,5413284.18338824,81604193,1002183788,2021,2021/11/12 05:00:00+00,2030,DON VALLEY PARKWAY  S,DUNDAS ST E,,Expressway,Toronto and East York,,43.662001,-79.355159,Mid-Block,Non Intersection,No Control,Clear,"Dark, artificial",Wet,Fatal,Pedestrian Collisions,Pedestrian,30 to 34,Fatal,50,West,,,,,Pedestrian hit at mid-block,"Crossing, no Traffic Control",Other,,,,Yes,,Yes,,,,,Yes,,,,,,70,South Riverdale,70,South Riverdale (70),D55,559
-8847419.87640783,5408677.4440709,81604196,1002190393,2021,2021/11/13 05:00:00+00,2012,THE QUEENSWAY,HIGH ST,,Major Arterial,Etobicoke York,,43.632056,-79.477725,Mid-Block,Non Intersection,No Control,Clear,"Dark, artificial",Dry,Fatal,SMV Other,Driver,20 to 24,Fatal,51,,"Automobile, Station Wagon",,,,,,,,,,,,Yes,,,,,,,,,,,16,Stonegate-Queensway,16,Stonegate-Queensway (16),D22,560
-8858859.17860124,5412010.00444762,81604197,1002190676,2021,2021/11/13 05:00:00+00,2100,RENFORTH DR,CENTENNIAL PARK GT,,Minor Arterial,Etobicoke York,,43.65372,-79.580486,Mid-Block,Non Intersection,No Control,Clear,"Dark, artificial",Dry,Fatal,SMV Other,Passenger,5 to 9,Fatal,52,,,,,,,,,,,,,,Yes,,,,,Yes,,,,,,11,Eringate-Centennial-West Deane,11,Eringate-Centennial-West Deane (11),D22,561
-8835538.19055801,5412702.54144688,81604711,1002221731,2021,2021/11/18 05:00:00+00,959,SHERBOURNE ST,DUNDAS ST  E,,Major Arterial,Toronto and East York,13,43.658221,-79.37099,Intersection,At Intersection,Traffic Signal,Clear,Daylight,Dry,Fatal,Pedestrian Collisions,Wheelchair,55 to 59,Fatal,53,West,,Going Ahead,,,Vehicle turns left while ped crosses without ROW at inter.,Crossing without right of way,Inattentive,,,,Yes,,,,Yes,,,,,,,,,73,Moss Park,73,Moss Park (73),D51,562
-8827604.89572714,5426440.61245172,81614755,1002330287,2021,2021/12/03 05:00:00+00,1325,TOWER DR,BRIAN AVE,,Local,Scarborough,,43.747439,-79.299724,Intersection,Intersection Related,Stop Sign,Clear,Daylight,Dry,Fatal,SMV Other,Driver,80 to 84,Fatal,54,East,"Automobile, Station Wagon",Going Ahead,Lost control,Unknown,,,,,,,,,Yes,,,,,,,,,,,119,Wexford/Maryvale,119,Wexford/Maryvale (119),D41,563
-8835407.39015633,5410745.84670123,81614754,1002384384,2021,2021/12/10 05:00:00+00,2345,LAKE SHORE BLVD E,LOWER JARVIS ST,,Major Arterial,Scarborough,,43.645503,-79.369815,Mid-Block,Non Intersection,Traffic Signal,Clear,Dark,Dry,Fatal,Pedestrian Collisions,Pedestrian,35 to 39,Fatal,57,Unknown,,,,,Vehicle is going straight thru inter.while ped cross without ROW,Other,Other,,,,Yes,,Yes,,,,,,Yes,Yes,,,,166,St Lawrence-East Bayfront-The Islands,77,Waterfront Communities-The Island (77),D51,564
-8823175.82714694,5425119.31808986,81604199,1002386733,2021,2021/12/11 05:00:00+00,1132,MIDLAND AVE,BROADBENT AVE,,Major Arterial,Scarborough,21,43.738864,-79.259937,Intersection,At Intersection,Traffic Signal,Clear,Daylight,Wet,Fatal,Pedestrian Collisions,Pedestrian,65 to 69,Fatal,55,West,,,,,Vehicle is going straight thru inter.while ped cross with ROW,Crossing with right of way,Unknown,,,,Yes,,Yes,,,,,,,Yes,Yes,Yes,,138,Eglinton East,138,Eglinton East (138),D41,565
-8826725.02647191,5431827.90531484,81614757,1002396112,2021,2021/12/12 05:00:00+00,1930,3805 SHEPPARD AVE E,,,Major Arterial,Scarborough,,43.782389,-79.29182,Mid-Block,Non Intersection,No Control,Strong wind,"Dark, artificial",Dry,Fatal,Pedestrian Collisions,Pedestrian,80 to 84,Fatal,56,South,,,,,Pedestrian hit at mid-block,"Crossing, no Traffic Control",Inattentive,,,,Yes,,Yes,,,,,,,,,,,118,Tam O'Shanter-Sullivan,118,Tam O'Shanter-Sullivan (118),D42,566
-8828148.46880068,5425782.79222003,81614759,1002433478,2021,2021/12/18 05:00:00+00,10,LAWRENCE AVE E,PHARMACY AVE,,Major Arterial,Scarborough,21,43.74317,-79.304607,Intersection,At Intersection,Traffic Signal,Clear,"Dark, artificial",Dry,Fatal,Turning Movement,Driver,55 to 59,Fatal,58,West,"Automobile, Station Wagon",Turning Left,Driving Properly,Unknown,,,,,,,,,Yes,,,,,Yes,Yes,Yes,,,,119,Wexford/Maryvale,119,Wexford/Maryvale (119),D41,567
-8824660.38387616,5437757.5663304,81614766,1002462552,2021,2021/12/22 05:00:00+00,1353,MCCOWAN RD,ALTON TOWERS CRCL,,Major Arterial,Scarborough,,43.820834,-79.273273,Mid-Block,Non Intersection,No Control,Snow,Daylight,Wet,Fatal,SMV Other,Driver,65 to 69,Fatal,59,North,"Automobile, Station Wagon",Going Ahead,Lost control,Unknown,,,,,,,,,Yes,,,,,,,,,,,130,Milliken,130,Milliken (130),D42,568
-8836424.07106574,5411686.60237184,81614767,1002486085,2021,2021/12/26 05:00:00+00,1402,YONGE ST,RICHMOND ST E,,Major Arterial,Toronto and East York,,43.651618,-79.378948,Intersection,At Intersection,Traffic Signal,Clear,Daylight,Dry,Fatal,Pedestrian Collisions,Pedestrian,15 to 19,Fatal,60,Unknown,,,,,Pedestrian hit on sidewalk or shoulder,On Sidewalk or Shoulder,Normal,,,,Yes,,Yes,,,,,,,,,,,168,Downtown Yonge East,75,Church-Yonge Corridor (75),D51,569
-8823458.57865356,5427137.16099892,81616021,2000036960,2022,2022/01/06 05:00:00+00,1942,LAWRENCE AVE E,BROCKLEY DR,,Major Arterial,Scarborough,,43.751959,-79.262477,Intersection,At Intersection,Traffic Signal,Clear,Dark,Dry,Fatal,Pedestrian Collisions,Pedestrian,75 to 79,Fatal,1,South,,,,,Vehicle is going straight thru inter.while ped cross without ROW,Crossing without right of way,Normal,,,,Yes,,Yes,,,,,Yes,,Yes,,,,157,Bendale South,127,Bendale (127),D41,570