X,Y,INDEX_,ACCNUM,YEAR,DATE,TIME,STREET1,STREET2,OFFSET,ROAD_CLASS,DISTRICT,WARDNUM,LATITUDE,LONGITUDE,LOCCOORD,ACCLOC,TRAFFCTL,VISIBILITY,LIGHT,RDSFCOND,ACCLASS,IMPACTYPE,INVTYPE,INVAGE,INJURY,FATAL_NO,INITDIR,VEHTYPE,MANOEUVER,DRIVACT,DRIVCOND,PEDTYPE,PEDACT,PEDCOND,CYCLISTYPE,CYCACT,CYCCOND,PEDESTRIAN,CYCLIST,AUTOMOBILE,MOTORCYCLE,TRUCK,TRSN_CITY_VEH,EMERG_VEH,PASSENGER,SPEEDING,AG_DRIV,REDLIGHT,ALCOHOL,DISABILITY,HOOD_158,NEIGHBOURHOOD_158,HOOD_140,NEIGHBOURHOOD_140,DIVISION,ObjectId
-8853810.83969376,5420847.32382681,81615292,2000145218,2022,2022/01/22 05:00:00+00,2306,WESTON RD,DEE AVE,,Major Arterial,Etobicoke York,,43.711131,-79.535136,Intersection,Intersection Related,No Control,Clear,"Dark, artificial",Dry,Fatal,Pedestrian Collisions,Pedestrian,50 to 54,Fatal,2,West,,,,,Vehicle is going straight thru inter.while ped cross without ROW,Crossing without right of way,Other,,,,Yes,,Yes,,,,,,,Yes,,,,23,Pelmo Park-Humberlea,23,Pelmo Park-Humberlea (23),D12,571
-8851624.74753356,5407338.69738577,81616022,2000184133,2022,2022/01/28 05:00:00+00,1506,THE QUEENSWAY,ISLINGTON AVE,ISLINGTON AVE,Major Arterial,Etobicoke York,,43.623351,-79.515498,Mid-Block,Non Intersection,No Control,Clear,Daylight,Dry,Fatal,Pedestrian Collisions,Pedestrian,80 to 84,Fatal,3,East,,,,,Pedestrian hit on sidewalk or shoulder,On Sidewalk or Shoulder,Normal,,,,Yes,,Yes,,,,,Yes,,Yes,,,,159,Etobicoke City Centre,14,Islington-City Centre West (14),D22,572
-8850083.30654455,5407241.35553256,81615481,2000223282,2022,2022/02/03 05:00:00+00,922,F G GARDINER XY  W,ROYAL YORK RD,EAST OF ISLINGTON AVE,Expressway,Etobicoke York,,43.622718,-79.501651,Mid-Block,Non Intersection,No Control,Clear,Daylight,Wet,Fatal,Rear End,Driver,25 to 29,Fatal,4,West,"Automobile, Station Wagon",Going Ahead,Exceeding Speed Limit,Inattentive,,,,,,,,,Yes,,Yes,,,,Yes,Yes,,,,160,Mimico-Queensway,17,Mimico (includes Humber Bay Shores) (17),D22,573
-8837188.39068953,5413090.45254746,81615831,2000320162,2022,2022/02/18 05:00:00+00,1144,BAY ST,COLLEGE ST,,Major Arterial,Etobicoke York,1113,43.660742,-79.385814,Intersection,At Intersection,Traffic Signal,Clear,Daylight,Wet,Fatal,Pedestrian Collisions,Pedestrian,80 to 84,Fatal,5,North,,,,,Vehicle turns right while ped crosses with ROW at inter.,Crossing with right of way,Normal,,,,Yes,,Yes,,,,,,,Yes,,,,170,Yonge-Bay Corridor,76,Bay Street Corridor (76),D52,574
-8847030.03555107,5417854.57836628,81615833,2000375775,2022,2022/02/27 05:00:00+00,348,YORE RD,KEELE ST,,Major Arterial,,,43.691695,-79.474223,Intersection,Intersection Related,No Control,Clear,"Dark, artificial",Dry,Fatal,SMV Other,Driver,20 to 24,Fatal,6,West,"Automobile, Station Wagon",Going Ahead,Lost control,Unknown,,,,,,,,,Yes,,,,,,,,,,,112,Beechborough-Greenbrook,112,Beechborough-Greenbrook (112),D12,575
-8823902.74342182,5435770.71639117,81616019,2000383216,2022,2022/02/28 05:00:00+00,1050,FINCH AVE E,MCCOWAN RD,,Major Arterial,Scarborough,,43.807955,-79.266467,Intersection,At Intersection,Traffic Signal,Clear,Daylight,Dry,Fatal,Pedestrian Collisions,Pedestrian,45 to 49,Fatal,7,East,,,,,Vehicle turns right while ped crosses with ROW at inter.,Crossing with right of way,Normal,,,,Yes,,,,,Yes,,,,,,,,129,Agincourt North,129,Agincourt North (129),D42,576
-8842825.16442534,5408879.23407888,81631593,2000422292,2022,2022/03/06 05:00:00+00,240,LAKE SHORE BLVD W,JAMESON AVE,,Major Arterial,,,43.633368,-79.43645,Mid-Block,Non Intersection,No Control,Clear,Dark,Dry,Fatal,SMV Other,Passenger,15 to 19,Fatal,8,,,,,,,,,,,,,,Yes,,,,,Yes,,,,,,85,South Parkdale,85,South Parkdale (85),D14,577
-8836349.26436793,5412389.73170407,81631595,2000425405,2022,2022/03/06 05:00:00+00,1521,DUNDAS ST E,BOND ST,,Local,Toronto and East York,,43.656188,-79.378276,Mid-Block,At/Near Private Drive,No Control,Clear,Daylight,Dry,Fatal,Pedestrian Collisions,Pedestrian,45 to 49,Fatal,9,Unknown,,,,,Pedestrian hit on sidewalk or shoulder,On Sidewalk or Shoulder,"Ability Impaired, Alcohol",,,,Yes,,Yes,,,,,,,Yes,,,,168,Downtown Yonge East,75,Church-Yonge Corridor (75),D51,578
-8848632.70226002,5406035.81626386,81631590,2000598961,2022,2022/03/31 04:00:00+00,1736,LAKE SHORE BLVD W,SUPERIOR AVE,,Major Arterial,Etobicoke York,3,43.614878,-79.48862,Intersection,At Intersection,Traffic Signal,Clear,Daylight,Dry,Fatal,Pedestrian Collisions,Pedestrian,40 to 44,Fatal,11,South,,,,,Vehicle is going straight thru inter.while ped cross with ROW,Crossing with right of way,Normal,,,,Yes,,Yes,,,,,,,Yes,Yes,,,161,Humber Bay Shores,17,Mimico (includes Humber Bay Shores) (17),D22,579
-8848632.70226002,5406035.81626386,81631597,2000598961,2022,2022/03/31 04:00:00+00,1736,LAKE SHORE BLVD W,SUPERIOR AVE,,Major Arterial,Etobicoke York,3,43.614878,-79.48862,Intersection,At Intersection,Traffic Signal,Clear,Daylight,Dry,Fatal,Pedestrian Collisions,Driver,35 to 39,Fatal,12,East,"Automobile, Station Wagon",Going Ahead,Disobeyed Traffic Control,Inattentive,,,,,,,Yes,,Yes,,,,,,,Yes,Yes,,,161,Humber Bay Shores,17,Mimico (includes Humber Bay Shores) (17),D22,580
-8848632.70226002,5406035.81626386,81631723,2000598961,2022,2022/03/31 04:00:00+00,1736,LAKE SHORE BLVD W,SUPERIOR AVE,,Major Arterial,Etobicoke York,3,43.614878,-79.48862,Intersection,At Intersection,Traffic Signal,Clear,Daylight,Dry,Fatal,Pedestrian Collisions,Pedestrian,75 to 79,Fatal,10,South,,,,,Vehicle is going straight thru inter.while ped cross with ROW,Crossing with right of way,Normal,,,,Yes,,Yes,,,,,,,Yes,Yes,,,161,Humber Bay Shores,17,Mimico (includes Humber Bay Shores) (17),D22,581
-8843854.5357567,5413718.59224986,81631592,2000627947,2022,2022/04/05 04:00:00+00,125,LANSDOWNE AVE,LAPPIN AVE,,Minor Arterial,Etobicoke York,,43.664824,-79.445697,Mid-Block,Non Intersection,No Control,Clear,"Dark, artificial",Dry,Fatal,Pedestrian Collisions,Pedestrian,45 to 49,Fatal,13,Unknown,,,,,Pedestrian hit at mid-block,"Crossing, no Traffic Control",Inattentive,,,,Yes,,Yes,,,,,,,,,,,171,Junction-Wallace Emerson,93,Dovercourt-Wallace Emerson-Junction (93),D11,582
-8853541.66916502,5427445.23099447,81636142,2000630643,2022,2022/04/05 04:00:00+00,1230,FINCH AVE W,400 S FINCH E RAMP,,Major Arterial,Etobicoke York,,43.753958,-79.532718,Mid-Block,Non Intersection,No Control,Clear,Daylight,Dry,Fatal,Pedestrian Collisions,Pedestrian,60 to 64,Fatal,14,West,,,,,Pedestrian hit at mid-block,Walking on Roadway with Traffic,Inattentive,,,,Yes,,,,Yes,,,,,,,,,22,Humbermede,22,Humbermede (22),D31,583
-8838195.60944222,5410667.23678566,81636141,2000692125,2022,2022/04/14 04:00:00+00,316,SPADINA AVE,KING ST W,,Major Arterial,Toronto and East York,,43.644992,-79.394862,Mid-Block,Non Intersection,No Control,Rain,"Dark, artificial",Wet,Fatal,Pedestrian Collisions,Pedestrian,30 to 34,Fatal,16,East,,,,,Pedestrian hit at mid-block,"Crossing, no Traffic Control",Normal,,,,Yes,,Yes,,,,,,Yes,Yes,,,,164,Wellington Place,77,Waterfront Communities-The Island (77),D14,584
-8833215.39806312,5418813.61100283,81636139,2000699120,2022,2022/04/15 04:00:00+00,43,DON VALLEY PARKWAY  S,LEASIDE BDGE,,Expressway,Toronto and East York,,43.697924,-79.350124,Mid-Block,Non Intersection,No Control,Clear,"Dark, artificial",Dry,Fatal,Pedestrian Collisions,Pedestrian,35 to 39,Fatal,15,Unknown,,,,,Other / Undefined,Other,Unknown,,,,Yes,,Yes,,,,,,,,,,,57,Broadview North,57,Broadview North (57),D55,585
-8836102.13509837,5435721.97229415,81636304,2000774562,2022,2022/04/26 04:00:00+00,1149,BLUFFWOOD DR,STEELES AVE E,,Major Arterial,North York,17,43.807639,-79.376056,Intersection,At Intersection,Traffic Signal,Clear,Daylight,Dry,Fatal,Pedestrian Collisions,Pedestrian,Over 95,Fatal,17,West,,,,,Vehicle turns right while ped crosses with ROW at inter.,Crossing with right of way,Inattentive,,,,Yes,,Yes,,,,,,,,,,,49,Bayview Woods-Steeles,49,Bayview Woods-Steeles (49),D33,586
-8844224.89570257,5419207.16807275,81640459,2000899254,2022,2022/05/13 04:00:00+00,2210,SALINAS CRT,ROSELAWN AVE,,Local,Toronto and East York,,43.70048,-79.449024,Intersection,Intersection Related,No Control,Clear,"Dark, artificial",Dry,Fatal,SMV Other,Moped Driver,35 to 39,Fatal,18,East,Motorcycle,Going Ahead,Lost control,Had Been Drinking,,,,,,,,Yes,,Yes,,,,,,,,,,108,Briar Hill-Belgravia,108,Briar Hill-Belgravia (108),D13,587
-8825751.7601639,5415038.87124229,81640575,2000963706,2022,2022/05/22 04:00:00+00,1911,2467 QUEEN ST E,,,Minor Arterial,Toronto and East York,,43.673403,-79.283077,Intersection,At Intersection,Stop Sign,Clear,Daylight,Dry,Fatal,SMV Other,Driver,65 to 69,Fatal,19,South,Pick Up Truck,Going Ahead,Lost control,Unknown,,,,,,,,,Yes,,,,,,,,,,,63,The Beaches,63,The Beaches (63),D55,588
-8841676.12464137,5408387.07105825,81645402,2000986496,2022,2022/05/25 04:00:00+00,2312,LAKE SHORE BLVD W,BRITISH COLUMBIA RD,,Major Arterial,Toronto and East York,,43.630168,-79.426128,Mid-Block,Non Intersection,No Control,Clear,"Dark, artificial",Dry,Fatal,Approaching,Driver,40 to 44,Fatal,20,East,"Automobile, Station Wagon",Going Ahead,Driving Properly,Normal,,,,,,,,,Yes,,,,,,,,,,,163,Fort York-Liberty Village,82,Niagara (82),D14,589
-8848987.70011616,5425845.8139583,81645401,2001122186,2022,2022/06/13 04:00:00+00,1815,SHEPPARD AVE W,SENTINEL RD,,Major Arterial,North York,6,43.743579,-79.491809,Intersection,At Intersection,Traffic Signal,Clear,Daylight,Dry,Fatal,Turning Movement,Motorcycle Driver,35 to 39,Fatal,21,West,Motorcycle,Going Ahead,Speed too Fast For Condition,Other,,,,,,,,,Yes,Yes,,,,,Yes,Yes,,,,155,Downsview,26,Downsview-Roding-CFB (26),D31,590
-8818891.02862682,5426688.09690647,81645403,2001166978,2022,2022/06/20 04:00:00+00,47,MARKHAM RD,BLAKEMANOR BLVD,,Major Arterial,Scarborough,24,43.749045,-79.221446,Mid-Block,Non Intersection,No Control,Clear,"Dark, artificial",Dry,Fatal,Pedestrian Collisions,Pedestrian,30 to 34,Fatal,22,West,,,,,Pedestrian hit at mid-block,Running onto Roadway,Other,,,,Yes,,,,,Yes,,,,,,,,141,Golfdale-Cedarbrae-Woburn,137,Woburn (137),D43,591
-8833508.39096288,5424758.32562019,81645405,2001175617,2022,2022/06/21 04:00:00+00,906,28 TREMONT CRES,,,Local,North York,16,43.736521,-79.352756,Mid-Block,Non Intersection,No Control,Clear,Daylight,Dry,Fatal,Pedestrian Collisions,Pedestrian,85 to 89,Fatal,23,East,,,,,Vehicle is reversing and hits pedestrian,Walking on Roadway Against Traffic,Normal,,,,Yes,,,,Yes,,,,,,,,,42,Banbury-Don Mills,42,Banbury-Don Mills (42),D33,592
-8861365.42561696,5425812.83920535,81645437,2001202991,2022,2022/06/24 04:00:00+00,2210,1760 Albion Rd,,,Major Arterial,Etobicoke York,1,43.743365,-79.603,Mid-Block,Non Intersection,No Control,Clear,"Dark, artificial",Dry,Fatal,Turning Movement,Motorcycle Driver,60 to 64,Fatal,24,West,"Automobile, Station Wagon",Going Ahead,Driving Properly,Normal,,,,,,,,,Yes,Yes,,,,,,,,,,1,West Humber-Clairville,1,West Humber-Clairville (1),D23,593
-8836993.02498318,5410870.14711046,81645438,2001252821,2022,2022/07/01 04:00:00+00,2341,WELLINGTON ST W,UNIVERSITY AVE,,Major Arterial,Toronto and East York,10,43.646311,-79.384059,Intersection,At Intersection,Traffic Signal,Clear,"Dark, artificial",Wet,Fatal,Pedestrian Collisions,Pedestrian,25 to 29,Fatal,25,Unknown,,,,,Vehicle is going straight thru inter.while ped cross with ROW,Crossing with right of way,Normal,,,,Yes,,Yes,,,,,Yes,,Yes,Yes,Yes,,170,Yonge-Bay Corridor,76,Bay Street Corridor (76),D52,594
-8825445.07496676,5420721.04103531,81656792,2001265655,2022,2022/07/03 04:00:00+00,2245,701 WARDEN AVE,,,Minor Arterial,Scarborough,1,43.710311,-79.280322,Mid-Block,Non Intersection,No Control,Clear,"Dusk, artificial",Dry,Fatal,Rear End,Driver,85 to 89,Fatal,26,South,"Automobile, Station Wagon",Going Ahead,Lost control,Unknown,,,,,,,,,Yes,,,,,Yes,,,,,,121,Oakridge,121,Oakridge (121),D41,595
-8856314.63768068,5406538.00267888,81656789,2001361814,2022,2022/07/16 04:00:00+00,2237,NORTH QUEEN ST,MANSTOR RD,,Minor Arterial,Etobicoke York,,43.618144,-79.557628,Intersection,Intersection Related,No Control,Clear,"Dark, artificial",Dry,Fatal,SMV Other,Motorcycle Driver,45 to 49,Fatal,27,West,Motorcycle,Going Ahead,Lost control,Unknown,,,,,,,,,,Yes,,,,,,,,,,159,Etobicoke City Centre,14,Islington-City Centre West (14),D22,596
-8825960.59552863,5422438.32699953,81656790,2001395408,2022,2022/07/21 04:00:00+00,1510,WARDEN AVE,COMSTOCK RD,,Major Arterial,Scarborough,20,43.721461,-79.284953,Intersection,At Intersection,Traffic Signal,Clear,Daylight,Dry,Fatal,Pedestrian Collisions,Pedestrian,35 to 39,Fatal,28,Unknown,,,,,Pedestrian hit on sidewalk or shoulder,On Sidewalk or Shoulder,Normal,,,,Yes,,Yes,,,,,Yes,,Yes,,,,120,Clairlea-Birchmount,120,Clairlea-Birchmount (120),D41,597
-8823128.18240488,5429166.85207477,81645436,2001414066,2022,2022/07/24 04:00:00+00,142,BRIMLEY RD,WATERFIELD DR,,Major Arterial,Scarborough,21,43.765128,-79.259509,Intersection,At Intersection,Traffic Signal,Clear,"Dark, artificial",Dry,Fatal,SMV Other,Motorcycle Driver,35 to 39,Fatal,29,South,Motorcycle,Going Ahead,Lost control,Unknown,,,,,,,,,,Yes,,,,,,,,,,156,Bendale-Glen Andrew,127,Bendale (127),D43,598
-8817540.7232035,5426207.77355087,81658093,2001421096,2022,2022/07/25 04:00:00+00,403,KINGSTON RD,SCARBOROUGH GOLF CLUB RD,,Major Arterial,Scarborough,24,43.745928,-79.209316,Intersection,Intersection Related,Traffic Signal,Clear,Dawn,Dry,Fatal,SMV Other,Driver,50 to 54,Fatal,30,East,"Automobile, Station Wagon",Going Ahead,Lost control,Inattentive,,,,,,,,,Yes,,,,,,,,,,,140,Guildwood,140,Guildwood (140),D43,599
-8852459.64371451,5421848.40709121,81658094,2001458223,2022,2022/07/30 04:00:00+00,336,WILSON AVE,CLAYSON RD,,Major Arterial,North York,7,43.717631,-79.522998,Intersection,At Intersection,Traffic Signal,Clear,"Dark, artificial",Dry,Fatal,Pedestrian Collisions,Pedestrian,20 to 24,Fatal,31,North,,,,,Vehicle is going straight thru inter.while ped cross with ROW,Crossing with right of way,Normal,,,,Yes,,Yes,,,,,,Yes,Yes,,Yes,,154,Oakdale-Beverley Heights,26,Downsview-Roding-CFB (26),D31,600
-8824019.96284563,5423930.23791734,81658096,2001464726,2022,2022/07/31 04:00:00+00,112,KENNEDY RD,TRANSWAY CRES,,Major Arterial,Scarborough,20,43.731146,-79.26752,Intersection,At Intersection,No Control,Clear,"Dark, artificial",Dry,Fatal,Turning Movement,Motorcycle Driver,35 to 39,Fatal,32,North,Motorcycle,Going Ahead,Exceeding Speed Limit,Unknown,,,,,,,,,Yes,Yes,,,,Yes,Yes,Yes,,,,124,Kennedy Park,124,Kennedy Park (124),D41,601
-8817322.42568205,5441722.98247985,81658099,2001477527,2022,2022/08/01 04:00:00+00,2222,STEELES AVE E,SEWELLS RD,,Minor Arterial,Scarborough,,43.84653,-79.207355,Mid-Block,Non Intersection,No Control,Clear,Dark,Dry,Fatal,Approaching,Driver,40 to 44,Fatal,33,West,"Automobile, Station Wagon",Going Ahead,Driving Properly,Normal,,,,,,,,,Yes,,,,,Yes,Yes,Yes,,,,144,Morningside Heights,131,Rouge (131),D42,602
-8849631.46073142,5405939.71817599,81658382,2001490698,2022,2022/08/03 04:00:00+00,1800,ROYAL YORK RD,STANLEY AVE,,Minor Arterial,Etobicoke York,3,43.614253,-79.497592,Intersection,At Intersection,No Control,Clear,Daylight,Dry,Fatal,Pedestrian Collisions,Pedestrian,85 to 89,Fatal,36,North,,Going Ahead,,,Vehicle turns left while ped crosses with ROW at inter.,Crossing with right of way,Normal,,,,Yes,,Yes,,,,,,,,,,,160,Mimico-Queensway,17,Mimico (includes Humber Bay Shores) (17),D22,603
-8828458.38226305,5424708.40715862,81658102,2001503800,2022,2022/08/05 04:00:00+00,1533,VICTORIA PARK AVE,SURREY AVE,,Major Arterial,Scarborough,,43.736197,-79.307391,Intersection,At/Near Private Drive,Traffic Signal,Clear,Daylight,Dry,Fatal,Turning Movement,Passenger,85 to 89,Fatal,34,,,,,,,,,,,,,,Yes,,,,,Yes,,Yes,,,,119,Wexford/Maryvale,119,Wexford/Maryvale (119),D41,604
-8812624.07525363,5432138.44497519,81664140,2001513623,2022,2022/08/07 04:00:00+00,13,HIGHWAY 2A  E,HIGHLAND CREEK OVERPASS,200 m East of,Expressway,Scarborough,,43.784403,-79.165149,Mid-Block,Non Intersection,No Control,Clear,Dark,Dry,Fatal,Pedestrian Collisions,Pedestrian,45 to 49,Fatal,40,Unknown,,,,,Pedestrian hit at mid-block,"Crossing, no Traffic Control",Inattentive,,,,Yes,,Yes,,,,,,,,,,,133,Centennial Scarborough,133,Centennial Scarborough (133),D43,605
-8843856.20554906,5433362.04839028,81658379,2001527997,2022,2022/08/09 04:00:00+00,532,STEELES AVE W,BATHURST ST,,Major Arterial,North York,618,43.792338,-79.445712,Intersection,At Intersection,Traffic Signal,Clear,Dark,Dry,Fatal,Rear End,Passenger,30 to 34,Fatal,35,,,,,,,,,,,,,,Yes,,,,,Yes,,,,,,36,Newtonbrook West,36,Newtonbrook West (36),D32,606
-8854298.41906344,5410025.76794605,81663804,2001538160,2022,2022/08/10 04:00:00+00,1438,BLOOR ST W,JOPLING AVE S,,Major Arterial,Etobicoke York,23,43.640822,-79.539516,Intersection,At Intersection,Stop Sign,Clear,Daylight,Dry,Fatal,Turning Movement,Motorcycle Driver,45 to 49,Fatal,38,East,Motorcycle,Going Ahead,Driving Properly,Normal,,,,,,,,,Yes,Yes,,,,,,Yes,,,,158,Islington,14,Islington-City Centre West (14),D22,607
-8846573.18036085,5431938.45870172,81658378,2001549410,2022,2022/08/12 04:00:00+00,410,DUFFERIN ST,GERRY FITZGERALD DR,,Major Arterial,North York,,43.783106,-79.470119,Mid-Block,Non Intersection,No Control,Clear,"Dawn, artificial",Dry,Fatal,Approaching,Driver,55 to 59,Fatal,37,South,"Automobile, Station Wagon",Going Ahead,Driving Properly,Normal,,,,,,,,,Yes,,,,,,,,,,,34,Bathurst Manor,34,Bathurst Manor (34),D32,608
-8853859.26367226,5423269.20766597,81664642,2001624731,2022,2022/08/22 04:00:00+00,2031,2978 WESTON RD,,,Major Arterial,Etobicoke York,,43.726855,-79.535571,Mid-Block,Non Intersection,No Control,Rain,"Dark, artificial",Wet,Fatal,Approaching,Driver,20 to 24,Fatal,39,North,"Automobile, Station Wagon",Going Ahead,Lost control,Unknown,,,,,,,,,Yes,,,,,,,,,,,23,Pelmo Park-Humberlea,23,Pelmo Park-Humberlea (23),D31,609
-8847342.62068122,5423480.09751462,81664647,2001712442,2022,2022/09/03 04:00:00+00,2100,WILSON AVE,CORNELIUS PKWY,,Major Arterial,,,43.728224,-79.477031,Intersection,At Intersection,No Control,Clear,Dark,Dry,Fatal,Cyclist Collisions,Cyclist,40 to 44,Fatal,41,East,Bicycle,Going Ahead,,,,,,Motorist turned left across cyclists path.,Driving Properly,Normal,,Yes,Yes,,,,,Yes,,Yes,,,,155,Downsview,26,Downsview-Roding-CFB (26),D31,610
-8836882.59604832,5413176.16140167,81665627,2001720780,2022,2022/09/05 04:00:00+00,424,YONGE ST,COLLEGE ST,,Major Arterial,Toronto and East York,1113,43.661299,-79.383067,Intersection,At Intersection,Traffic Signal,Clear,"Dark, artificial",Dry,Fatal,Pedestrian Collisions,Pedestrian,40 to 44,Fatal,42,Unknown,,,,,Other / Undefined,Other,Other,,,,Yes,,Yes,,,,,,,Yes,,,,168,Downtown Yonge East,75,Church-Yonge Corridor (75),D51,611
-8817869.33834032,5441554.5842442,81679977,2002282330,2022,2022/09/23 04:00:00+00,304,STEELES AVE E,SEWELLS RD,,Minor Arterial,Scarborough,,43.845439,-79.212268,Mid-Block,Non Intersection,No Control,Clear,Dark,Dry,Fatal,SMV Other,Passenger,15 to 19,Fatal,47,,,,,,,,,,,,,,Yes,,,,,Yes,,,,,,144,Morningside Heights,131,Rouge (131),D42,612
-8844076.17286287,5417505.10817374,81665362,2001863583,2022,2022/09/24 04:00:00+00,2218,DUFFERIN ST,MARTIN ST,,Major Arterial,,,43.689425,-79.447688,Mid-Block,Non Intersection,No Control,Clear,"Dark, artificial",Dry,Fatal,Angle,Motorcycle Driver,30 to 34,Fatal,43,South,Motorcycle,Going Ahead,Driving Properly,Unknown,,,,,,,,,Yes,Yes,,Yes,,Yes,,,,,,107,Oakwood Village,107,Oakwood Village (107),D13,613
-8859477.4470531,5417085.76140095,81667857,2001898372,2022,2022/09/29 04:00:00+00,1920,SKYWAY AVE,DIXON RD,,Minor Arterial,North York,,43.686701,-79.58604,Mid-Block,Non Intersection,No Control,,Daylight,,Fatal,Turning Movement,Motorcycle Driver,50 to 54,Fatal,44,South,Motorcycle,Going Ahead,Driving Properly,Normal,,,,,,,,,Yes,Yes,,,,,,,,,,1,West Humber-Clairville,1,West Humber-Clairville (1),D23,614
-8819178.12159357,5427699.21539816,81665630,2002129087,2022,2022/11/01 04:00:00+00,1729,MARKHAM RD,EASTPARK BLVD,,Major Arterial,Scarborough,24,43.755606,-79.224025,Intersection,At Intersection,Traffic Signal,Clear,Daylight,Dry,Fatal,Turning Movement,Motorcycle Driver,15 to 19,Fatal,44,South,Motorcycle,Going Ahead,Driving Properly,Unknown,,,,,,,,,Yes,Yes,,,,,,Yes,,,,141,Golfdale-Cedarbrae-Woburn,137,Woburn (137),D43,615
-8831813.99699352,5419300.01672886,81679974,2002229988,2022,2022/11/15 05:00:00+00,1825,DON MILLS RD,DVP S DON MILLS S RAMP RD,,Major Arterial,Toronto and East York,,43.701083,-79.337535,Mid-Block,Non Intersection,No Control,Rain,Dusk,Wet,Fatal,Rear End,Driver,75 to 79,Fatal,46,South,"Automobile, Station Wagon",Going Ahead,Lost control,Medical or Physical Disability,,,,,,,,,Yes,,,,,,,,,,Yes,58,Old East York,58,Old East York (58),D55,616
-8838110.67267075,5417287.2733139,81679976,2002286735,2022,2022/11/23 05:00:00+00,1627,ST CLAIR AVE E,YONGE ST,,Major Arterial,Scarborough,12,43.68801,-79.394099,Intersection,At Intersection,Traffic Signal,Clear,Daylight,Dry,Fatal,Cyclist Collisions,Cyclist,20 to 24,Fatal,48,East,Bicycle,,,,,,,Motorist turning right on green or amber at signalized intersection strikes cyclist.,Driving Properly,Normal,,Yes,Yes,,,,,,,Yes,,,,98,Rosedale-Moore Park,98,Rosedale-Moore Park (98),D53,617
-8838545.59792128,5411879.07293813,81687244,2002424464,2022,2022/12/12 05:00:00+00,1118,DUNDAS ST W,SPADINA AVE,,Major Arterial,Toronto and East York,,43.652869,-79.398006,Intersection,At Intersection,Traffic Signal,Clear,Daylight,Dry,Fatal,Pedestrian Collisions,Pedestrian,70 to 74,Fatal,49,West,,,,,Vehicle turns right while ped crosses with ROW at inter.,Crossing with right of way,Other,,,,Yes,,Yes,,,,,,,Yes,,,,78,Kensington-Chinatown,78,Kensington-Chinatown (78),D52,618
-8859902.91014691,5428304.76832655,81688492,2002431114,2022,2022/12/13 05:00:00+00,910,STEELES AVE W,KIPLING AVE,,Major Arterial,Etobicoke York,1,43.759535,-79.589862,Intersection,At Intersection,Traffic Signal,Clear,Daylight,Dry,Fatal,Turning Movement,Driver,80 to 84,Fatal,50,North,"Automobile, Station Wagon",Turning Right,Improper Turn,Unknown,,,,,,,,,Yes,,Yes,,,Yes,,,,,,2,Mount Olive-Silverstone-Jamestown,2,Mount Olive-Silverstone-Jamestown (2),D23,619
-8856836.05817556,5426480.06158369,81075006,,2019,2019/02/25 05:00:00+00,1949,FINCH AVE W,PEARLDALE AVE,,Major Arterial,Etobicoke York,7,43.747695,-79.562312,Intersection,At Intersection,Traffic Signal,Other,Dark,Other,Fatal,Pedestrian Collisions,Pedestrian,80 to 84,Fatal,11,North,,,,,Vehicle is going straight thru inter.while ped cross without ROW,Crossing without right of way,,,,,Yes,,Yes,,,,,,,,,,,22,Humbermede,22,Humbermede (22),D31,620
-8840325.70789856,5432940.28393981,80485352,,2016,2016/02/10 05:00:00+00,954,WEDGEWOOD DR,TOBRUK CRES,,Local,North York,18,43.789603,-79.413997,Intersection,,Stop Sign,Clear,Daylight,Wet,Fatal,Pedestrian Collisions,Pedestrian,80 to 84,Fatal,12,West,,,,,Pedestrian hit on sidewalk or shoulder,On Sidewalk or Shoulder,Normal,,,,Yes,,Yes,,,,,,,Yes,,,,50,Newtonbrook East,50,Newtonbrook East (50),D32,621