X,Y,INDEX_,ACCNUM,YEAR,DATE,TIME,STREET1,STREET2,OFFSET,ROAD_CLASS,DISTRICT,WARDNUM,LATITUDE,LONGITUDE,LOCCOORD,ACCLOC,TRAFFCTL,VISIBILITY,LIGHT,RDSFCOND,ACCLASS,IMPACTYPE,INVTYPE,INVAGE,INJURY,FATAL_NO,INITDIR,VEHTYPE,MANOEUVER,DRIVACT,DRIVCOND,PEDTYPE,PEDACT,PEDCOND,CYCLISTYPE,CYCACT,CYCCOND,PEDESTRIAN,CYCLIST,AUTOMOBILE,MOTORCYCLE,TRUCK,TRSN_CITY_VEH,EMERG_VEH,PASSENGER,SPEEDING,AG_DRIV,REDLIGHT,ALCOHOL,DISABILITY,HOOD_158,NEIGHBOURHOOD_158,HOOD_140,NEIGHBOURHOOD_140,DIVISION,ObjectId
-8845476.68337654,5418115.38104057,81075008,,2019,2019/03/07 05:00:00+00,901,EGLINTON  AVE W,MCROBERTS  AVE,,Major Arterial,North York,89,43.693389,-79.460269,Mid-Block,Non Intersection,No Control,,Daylight,Other,Fatal,Pedestrian Collisions,Pedestrian,75 to 79,Fatal,13,North,,,,,Pedestrian involved in a collision with transit vehicle anywhere along roadway,Running onto Roadway,,,,,Yes,,,,,Yes,,,,,,,,109,Caledonia-Fairbank,109,Caledonia-Fairbank (109),D13,622
-8850300.71351007,5428412.96751379,80498706,,2016,2016/02/13 05:00:00+00,1018,FINCH AVE W,TOBERMORY DR,450 m East of,Major Arterial,Etobicoke York,7,43.760237,-79.503604,Mid-Block,Non Intersection,No Control,Clear,Daylight,Dry,Fatal,Pedestrian Collisions,Pedestrian,70 to 74,Fatal,11,South,,,,,Vehicle is going straight thru inter.while ped cross without ROW,Running onto Roadway,Inattentive,,,,Yes,,Yes,,,,,Yes,,,,,,27,York University Heights,27,York University Heights (27),D31,623
-8849065.8463987,5425819.31087654,81099904,,2019,2019/03/23 04:00:00+00,330,SHEPPARD AVE W,SUNFIELD RD,,Major Arterial,North York,6,43.743407,-79.492511,Intersection,At Intersection,Stop Sign,Other,Other,,Fatal,Turning Movement,Driver,35 to 39,Fatal,14,North,Municipal Transit Bus (TTC),Turning Left,Failed to Yield Right of Way,Normal,,,,,,,,,Yes,,,Yes,,,,Yes,,,,155,Downsview,26,Downsview-Roding-CFB (26),D31,624
-8827326.26304168,5418137.08926942,80501740,,2016,2016/02/18 05:00:00+00,1315,DAWES RD,SECORD AVE,,Minor Arterial,Toronto and East York,19,43.69353,-79.297221,Intersection,At Intersection,Traffic Signal,Clear,Daylight,Dry,Fatal,Pedestrian Collisions,Pedestrian,70 to 74,Fatal,13,North,,,,,Vehicle turns right while ped crosses with ROW at inter.,Crossing with right of way,Normal,,,,Yes,,Yes,,,,,,,Yes,,,,61,Taylor-Massey,61,Taylor-Massey (61),D55,625
-8836186.18131392,5414866.95804589,81100644,,2019,2019/03/29 04:00:00+00,630,BLOOR  ST E,SHERBOURNE ST,,Major Arterial,Toronto and East York,1113,43.672286,-79.376811,Intersection,At Intersection,Traffic Signal,Other,Other,Other,Fatal,Pedestrian Collisions,Pedestrian,60 to 64,Fatal,15,South,,,,,Pedestrian involved in a collision with transit vehicle anywhere along roadway,Crossing without right of way,Other,,,,Yes,,,,,Yes,,,,,,,,74,North St.James Town,74,North St.James Town (74),D51,626
-8822390.13418092,5436206.80242881,81163378,,2019,2019/04/06 04:00:00+00,907,SCOTTFIELD DR,FINCH AVE E,,Major Arterial,Scarborough,23,43.810782,-79.252879,Intersection,At Intersection,Traffic Signal,Clear,Daylight,Dry,Fatal,Pedestrian Collisions,Pedestrian,85 to 89,Fatal,16,North,,,,,Vehicle turns left while ped crosses with ROW at inter.,Crossing with right of way,Normal,,,,Yes,,Yes,,,,,,,Yes,,,,129,Agincourt North,129,Agincourt North (129),D42,627
-8831127.82365227,5433469.69008743,81239214,,2019,2019/04/06 04:00:00+00,1041,VICTORIA PARK AVE,FINCH AVE E,20 metres north,Major Arterial,North York,1722,43.793036,-79.331371,Intersection,Intersection Related,Traffic Signal,Clear,Daylight,Dry,Fatal,Approaching,Driver,40 to 44,Fatal,17,South,"Automobile, Station Wagon",Slowing or Stopping,Driving Properly,Normal,,,,,,,,,Yes,,,,,,Yes,Yes,,,,147,L'Amoreaux West,117,L'Amoreaux (117),D42,628
-8825654.91220691,5437080.73346697,81100645,,2019,2019/05/10 04:00:00+00,124,BRIMLEY RD,MCNICOLL AVE,,Major Arterial,Scarborough,23,43.816447,-79.282207,Mid-Block,Non Intersection,No Control,Rain,"Dark, artificial",Wet,Fatal,SMV Other,Driver,15 to 19,Fatal,18,South,"Automobile, Station Wagon",Going Ahead,Lost control,Unknown,,,,,,,,,Yes,,,,,Yes,Yes,Yes,,,,130,Milliken,130,Milliken (130),D42,629
-8838736.62216748,5425235.02971991,81242492,,2019,2019/05/29 04:00:00+00,1328,14 PLYMBRIDGE RD,,,Local,North York,15,43.739615,-79.399722,Mid-Block,Non Intersection,No Control,Clear,Daylight,Dry,Fatal,SMV Other,Passenger,25 to 29,Fatal,19,,,,,,,,,,,,,,,,Yes,,,Yes,,,,,,41,Bridle Path-Sunnybrook-York Mills,41,Bridle Path-Sunnybrook-York Mills (41),D32,630
-8844114.35544821,5427367.09520921,81269659,,2019,2019/06/06 04:00:00+00,2124,SHEPPARD AVE W,GODDARD ST,,Major Arterial,North York,6,43.753451,-79.448031,Intersection,At Intersection,Traffic Signal,Clear,Dark,Dry,Fatal,Turning Movement,Motorcycle Driver,30 to 34,Fatal,20,West,Motorcycle,Going Ahead,Disobeyed Traffic Control,Inattentive,,,,,,,,,Yes,Yes,,,,,,Yes,Yes,,,33,Clanton Park,33,Clanton Park (33),D32,631
-8832214.07924343,5430864.58965373,81269662,,2019,2019/06/13 04:00:00+00,1934,SHEPPARD AVE E,FAIRVIEW MALL DR,,Major Arterial,North York,17,43.776141,-79.341129,Intersection,At Intersection,Traffic Signal,Clear,Daylight,Wet,Fatal,Turning Movement,Driver,80 to 84,Fatal,22,East,"Automobile, Station Wagon",Going Ahead,Lost control,Medical or Physical Disability,,,,,,,,,Yes,,,,,Yes,,,,,Yes,53,Henry Farm,53,Henry Farm (53),D33,632
-8856145.65469366,5405923.26628348,81269661,,2019,2019/06/18 04:00:00+00,1200,THE QUEENSWAY,NORTH QUEEN ST,,Major Arterial,Etobicoke York,3,43.614146,-79.55611,Intersection,At Intersection,Traffic Signal,Clear,Daylight,Dry,Fatal,Turning Movement,Motorcycle Driver,75 to 79,Fatal,21,West,Motorcycle,Going Ahead,Driving Properly,Normal,,,,,,,,,Yes,Yes,,,,Yes,,Yes,,,,159,Etobicoke City Centre,14,Islington-City Centre West (14),D22,633
-8834508.81922664,5413020.59349505,81431666,,2019,2019/06/20 04:00:00+00,1315,REGENT PARK BLVD,,,Major Arterial,Toronto and East York,13,43.660288,-79.361743,Intersection,At Intersection,Traffic Signal,Clear,Daylight,Dry,Fatal,Pedestrian Collisions,Pedestrian,35 to 39,Fatal,23,Unknown,,,,,Pedestrian hit on sidewalk or shoulder,On Sidewalk or Shoulder,Normal,,,,Yes,,Yes,,,,,,,,,,,72,Regent Park,72,Regent Park (72),D51,634
-8818262.63010129,5428650.64027104,81270756,,2019,2019/06/22 04:00:00+00,1909,LAWRENCE AVE E,SCARBOROUGH GOLF CLUB RD,3 metres east,Major Arterial,Scarborough,24,43.761779,-79.215801,Intersection,At Intersection,Traffic Signal,Clear,Daylight,Dry,Fatal,Angle,Driver,75 to 79,Fatal,24,South,"Automobile, Station Wagon",Going Ahead,Driving Properly,Normal,,,,,,,,,Yes,,,,,Yes,,Yes,Yes,,,141,Golfdale-Cedarbrae-Woburn,137,Woburn (137),D43,635
-8836324.66276046,5411839.22458611,81270268,,2019,2019/06/26 04:00:00+00,902,VICTORIA ST,QUEEN ST E,,Major Arterial,Toronto and East York,13,43.65261,-79.378055,Intersection,At Intersection,Traffic Signal,Clear,Daylight,Dry,Fatal,Pedestrian Collisions,Pedestrian,55 to 59,Fatal,25,East,,,,,Vehicle is going straight thru inter.while ped cross without ROW,Crossing marked crosswalk without ROW,Unknown,,,,Yes,,,,Yes,,,,,,,,,168,Downtown Yonge East,75,Church-Yonge Corridor (75),D51,636
-8852294.00031221,5428197.18691755,81278473,,2019,2019/07/10 04:00:00+00,1221,1 YORK GATE BLVD,,,Minor Arterial,North York,7,43.758837,-79.52151,Mid-Block,Non Intersection,No Control,Clear,Daylight,Dry,Fatal,Pedestrian Collisions,Pedestrian,60 to 64,Fatal,26,South,,,,,Pedestrian hit at mid-block,"Crossing, no Traffic Control",Unknown,,,,Yes,,Yes,,,,,,,,,,,24,Black Creek,24,Black Creek (24),D31,637
-8833814.96484053,5435249.50727406,81278475,,2019,2019/07/16 04:00:00+00,1401,BARKWOOD CRES,CLIFFWOOD RD,,Local,North York,17,43.804576,-79.35551,Intersection,At Intersection,No Control,Clear,Daylight,Dry,Fatal,Pedestrian Collisions,Pedestrian,65 to 69,Fatal,27,East,,,,,Vehicle turns left while ped crosses with ROW at inter.,Crossing with right of way,Normal,,,,Yes,,,,Yes,,,,,Yes,,,,48,Hillcrest Village,48,Hillcrest Village (48),D33,638
-8852643.09823534,5411924.30641084,81322095,,2019,2019/07/18 04:00:00+00,2240,DUNDAS ST W,DONNYBROOK LANE,,Major Arterial,Etobicoke York,2,43.653163,-79.524646,Intersection,Intersection Related,No Control,Clear,"Dark, artificial",Dry,Fatal,Turning Movement,Motorcycle Driver,25 to 29,Fatal,28,East,Motorcycle,Going Ahead,Driving Properly,Normal,,,,,,,,,Yes,Yes,,,,,,Yes,,,,15,Kingsway South,15,Kingsway South (15),D22,639
-8857889.25187795,5428369.50273046,81322614,,2019,2019/07/28 04:00:00+00,1054,ISLINGTON AVE,MILLWICK DR,,Major Arterial,Etobicoke York,7,43.759955,-79.571773,Intersection,At Intersection,Traffic Signal,Clear,Daylight,Dry,Fatal,Pedestrian Collisions,Pedestrian,70 to 74,Fatal,29,North,,,,,Vehicle turns left while ped crosses with ROW at inter.,Crossing with right of way,Normal,,,,Yes,,Yes,,,,,,,Yes,,,,21,Humber Summit,21,Humber Summit (21),D31,640
-8857435.73627246,5425663.52976657,81322616,,2019,2019/08/02 04:00:00+00,2237,ISLINGTON AVE,BEAUMONDE HEIGHTS DR,,Major Arterial,Etobicoke York,1,43.742396,-79.567699,Intersection,At Intersection,Traffic Signal,Clear,Dark,Dry,Fatal,Turning Movement,Motorcycle Driver,25 to 29,Fatal,30,South,Motorcycle,Going Ahead,Driving Properly,Unknown,,,,,,,,,Yes,Yes,,,,,,Yes,,,,3,Thistletown-Beaumond Heights,3,Thistletown-Beaumond Heights (3),D23,641
-8827790.91059625,5428961.53534919,81580253,,2019,2019/08/03 04:00:00+00,917,WARDEN AVE,SYLLA AVE,,Major Arterial,Scarborough,21,43.763796,-79.301395,Intersection,At Intersection,No Control,Clear,Daylight,Dry,Fatal,SMV Other,Driver,55 to 59,Fatal,31,North,"Automobile, Station Wagon",Going Ahead,Lost control,Unknown,,,,,,,,,Yes,,,,,,,,,,,119,Wexford/Maryvale,119,Wexford/Maryvale (119),D41,642
-8836102.13509837,5435721.97229415,81329538,,2019,2019/08/05 04:00:00+00,1645,STEELES AVE E,BLUFFWOOD DR,,Major Arterial,North York,17,43.807639,-79.376056,Intersection,At Intersection,Traffic Signal,Clear,Daylight,Dry,Fatal,Turning Movement,Motorcycle Driver,25 to 29,Fatal,32,West,Motorcycle,Going Ahead,Exceeding Speed Limit,Unknown,,,,,,,,,Yes,Yes,,,,,Yes,Yes,,,,49,Bayview Woods-Steeles,49,Bayview Woods-Steeles (49),D33,643
-8840239.10133472,5431489.77745275,81322618,,2019,2019/08/09 04:00:00+00,945,31  FINCH AVE E,,,Major Arterial,North York,18,43.780196,-79.413219,Mid-Block,Non Intersection,No Control,Clear,Daylight,Dry,Fatal,Pedestrian Collisions,Pedestrian,65 to 69,Fatal,33,East,,,,,Pedestrian hit on sidewalk or shoulder,On Sidewalk or Shoulder,Normal,,,,Yes,,Yes,,,,,,,,,,,151,Yonge-Doris,51,Willowdale East (51),D32,644
-8824870.10979682,5439322.01659903,81330295,,2019,2019/08/13 04:00:00+00,1329,STEELES  AVE E,MCCOWAN  RD,,Major Arterial,Scarborough,23,43.830973,-79.275157,Intersection,At Intersection,Traffic Signal,Clear,Daylight,Dry,Fatal,Turning Movement,Motorcycle Driver,40 to 44,Fatal,34,East,Motorcycle,Going Ahead,Driving Properly,Normal,,,,,,,,,Yes,Yes,,,,,,Yes,,,,130,Milliken,130,Milliken (130),D42,645
-8837180.70964466,5435391.87665122,81330296,,2019,2019/08/20 04:00:00+00,2112,STEELES AVE E,LAURELEAF RD S,,Major Arterial,North York,17,43.805499,-79.385745,Intersection,At Intersection,Traffic Signal,Clear,"Dark, artificial",Dry,Fatal,Pedestrian Collisions,Pedestrian,60 to 64,Fatal,35,North,,,,,Vehicle is going straight thru inter.while ped cross without ROW,Crossing without right of way,Had Been Drinking,,,,Yes,,Yes,,,,,,,,,,,49,Bayview Woods-Steeles,49,Bayview Woods-Steeles (49),D33,646
-8825245.47911977,5432273.21072451,81330776,,2019,2019/08/21 04:00:00+00,1130,SHEPPARD AVE E,MIDLAND AVE,,Major Arterial,Scarborough,2223,43.785277,-79.278529,Intersection,At Intersection,Traffic Signal,Clear,Daylight,Dry,Fatal,Pedestrian Collisions,Pedestrian,75 to 79,Fatal,36,East,,,,,Vehicle turns right while ped crosses with ROW at inter.,Crossing with right of way,Unknown,,,,Yes,,Yes,,Yes,,,,,Yes,,,,128,Agincourt South-Malvern West,128,Agincourt South-Malvern West (128),D42,647
-8814980.93151271,5430085.28420322,81330778,,2019,2019/08/25 04:00:00+00,2035,KINGSTON RD,MORNINGSIDE AVE,,Major Arterial,Scarborough,25,43.771086,-79.186321,Mid-Block,Non Intersection,No Control,Clear,Dark,Dry,Fatal,Pedestrian Collisions,Pedestrian,70 to 74,Fatal,37,North,,,,,Pedestrian hit at mid-block,"Crossing, no Traffic Control",Unknown,,,,Yes,,Yes,,,,,,,,,,,136,West Hill,136,West Hill (136),D43,648
-8829178.61936848,5431040.34716747,81330775,,2019,2019/08/30 04:00:00+00,2023,SHEPPARD AVE E,ABBOTSFIELD GT,,Major Arterial,Scarborough,22,43.777281,-79.313861,Mid-Block,Non Intersection,No Control,Clear,Dark,Dry,Fatal,Pedestrian Collisions,Pedestrian,30 to 34,Fatal,38,North,,Going Ahead,,,Pedestrian hit at mid-block,"Crossing, no Traffic Control",Inattentive,,,,Yes,,Yes,,,,,,,,,,,118,Tam O'Shanter-Sullivan,118,Tam O'Shanter-Sullivan (118),D42,649
-8830074.62994988,5435831.95538488,81332833,,2019,2019/09/06 04:00:00+00,630,WARDEN AVE,MCNICOLL AVE,,Major Arterial,Scarborough,22,43.808352,-79.32191,Mid-Block,Non Intersection,No Control,Clear,Daylight,Dry,Fatal,Pedestrian Collisions,Pedestrian,Over 95,Fatal,43,West,,,,,Pedestrian hit at mid-block,"Crossing, no Traffic Control",Inattentive,,,,Yes,,Yes,,,,,,,,,,,116,Steeles,116,Steeles (116),D42,650
-8855095.02133955,5418664.41476221,81330781,,2019,2019/09/06 04:00:00+00,1617,DIXON RD,ISLINGTON AVE,,Major Arterial,Etobicoke York,12,43.696955,-79.546672,Intersection,At Intersection,Traffic Signal,Clear,Daylight,Dry,Fatal,Pedestrian Collisions,Pedestrian,75 to 79,Fatal,40,South,,,,,Vehicle is going straight thru inter.while ped cross without ROW,Crossing without right of way,Unknown,,,,Yes,,Yes,,,,,,,,,,,6,Kingsview Village-The Westway,6,Kingsview Village-The Westway (6),D23,651
-8830381.20382752,5425404.97899291,81330782,,2019,2019/09/07 04:00:00+00,17,LAWRENCE AVE E,UNDERHILL DR,,Major Arterial,North York,16,43.740718,-79.324664,Intersection,At Intersection,Traffic Signal,Clear,Dark,Dry,Fatal,Turning Movement,Motorcycle Driver,20 to 24,Fatal,39,West,Motorcycle,Going Ahead,Speed too Fast For Condition,Unknown,,,,,,,,,Yes,Yes,,,,,Yes,Yes,,,,43,Victoria Village,43,Victoria Village (43),D33,652
-8838686.52839662,5420827.91928553,81330783,,2019,2019/09/10 04:00:00+00,959,YONGE ST,ERSKINE AVE,,Major Arterial,North York,815,43.711005,-79.399272,Intersection,At Intersection,No Control,Clear,Daylight,Dry,Fatal,Pedestrian Collisions,Pedestrian,50 to 54,Fatal,41,South,,,,,Vehicle turns right while ped crosses with ROW at inter.,Crossing with right of way,Normal,,,,Yes,,,,Yes,,,,,,,,,173,North Toronto,104,Mount Pleasant West (104),D53,653
-8826726.69626427,5426201.30160713,81332832,,2019,2019/09/17 04:00:00+00,2000,LAWRENCE AVE E,AINSDALE RD,,Major Arterial,Scarborough,21,43.745886,-79.291835,Intersection,Intersection Related,Stop Sign,Clear,Daylight,Dry,Fatal,Pedestrian Collisions,Pedestrian,55 to 59,Fatal,42,Unknown,,,,,Vehicle turns left while ped crosses without ROW at inter.,"Crossing, no Traffic Control",Normal,,,,Yes,,Yes,,,,,,,,,,,119,Wexford/Maryvale,119,Wexford/Maryvale (119),D41,654
-8818089.30565413,5427952.12793492,81332835,,2019,2019/09/23 04:00:00+00,2019,SCARBOROUGH GOLF CLUB RD,CONFEDERATION DR,,Minor Arterial,Scarborough,24,43.757247,-79.214244,Mid-Block,Non Intersection,No Control,Clear,Dusk,Dry,Fatal,Pedestrian Collisions,Pedestrian,15 to 19,Fatal,44,West,,,,,Pedestrian hit at mid-block,"Crossing, no Traffic Control",Inattentive,,,,Yes,,Yes,,,,,,,,,,,141,Golfdale-Cedarbrae-Woburn,137,Woburn (137),D43,655
-8825661.70269585,5417976.66512375,81332837,,2019,2019/09/24 04:00:00+00,2046,DANFORTH AVE,WANSTEAD AVE,,Major Arterial,Scarborough,20,43.692488,-79.282268,Intersection,At Intersection,No Control,Clear,"Dark, artificial",Dry,Fatal,Pedestrian Collisions,Pedestrian,65 to 69,Fatal,45,South,,,,,Vehicle is going straight thru inter.while ped cross without ROW,"Crossing, no Traffic Control",Unknown,,,,Yes,,Yes,,,,,,,,,,,121,Oakridge,121,Oakridge (121),D41,656
-8823327.77825188,5421666.81792655,81333466,,2019,2019/09/28 04:00:00+00,2015,KENNEDY RD,ST CLAIR AVE E,,Major Arterial,Scarborough,20,43.716452,-79.261302,Intersection,At Intersection,Traffic Signal,Clear,"Dark, artificial",Dry,Fatal,Angle,Driver,65 to 69,Fatal,46,North,"Automobile, Station Wagon",Going Ahead,Disobeyed Traffic Control,Unknown,,,,,,,,,Yes,,,,,Yes,,Yes,Yes,,,120,Clairlea-Birchmount,120,Clairlea-Birchmount (120),D41,657
-8857101.88911957,5420265.66731717,81333470,,2019,2019/09/29 04:00:00+00,2031,KIPLING AVE,BETHRIDGE RD,,Major Arterial,Etobicoke York,1,43.707354,-79.5647,Mid-Block,Non Intersection,No Control,Clear,"Daylight, artificial",Dry,Fatal,Pedestrian Collisions,Pedestrian,55 to 59,Fatal,47,East,,,,,Pedestrian hit at mid-block,"Crossing, no Traffic Control",Unknown,,,,Yes,,Yes,,,,,,,,,,,1,West Humber-Clairville,1,West Humber-Clairville (1),D23,658
-8852336.52435769,5410064.53170542,81335255,,2019,2019/10/11 04:00:00+00,1624,1166 ISLINGTON AVE,,,Major Arterial,Etobicoke York,3,43.641074,-79.521892,Mid-Block,Non Intersection,No Control,Clear,Daylight,Dry,Fatal,SMV Unattended Vehicle,Driver,50 to 54,Fatal,48,South,"Automobile, Station Wagon",Going Ahead,Lost control,Medical or Physical Disability,,,,,,,,,Yes,,Yes,,,,,,,,Yes,16,Stonegate-Queensway,16,Stonegate-Queensway (16),D22,659
-8831958.37837308,5422279.06031079,81401745,,2019,2019/10/28 04:00:00+00,629,EGLINTON  AVE E,DON MILLS  RD,,Major Arterial,North York,16,43.720427,-79.338832,Intersection,At Intersection,Traffic Signal,Clear,"Dark, artificial",Dry,Fatal,Pedestrian Collisions,Pedestrian,70 to 74,Fatal,49,South,,,,,,Crossing without right of way,Normal,,,,Yes,,Yes,,,,,,,,,,Yes,44,Flemingdon Park,44,Flemingdon Park (44),D55,660
-8848300.63621899,5414273.36653061,81335258,,2019,2019/10/28 04:00:00+00,1005,ST CLAIR  AVE W,CASTLETON  AVE,,Major Arterial,Etobicoke York,5,43.668429,-79.485637,Intersection,Intersection Related,Stop Sign,Clear,Daylight,Dry,Fatal,Pedestrian Collisions,Pedestrian,80 to 84,Fatal,50,North,,,,,Vehicle turns left while ped crosses without ROW at inter.,"Crossing, no Traffic Control",Normal,,,,Yes,,Yes,,,,,,,,,,,111,Rockcliffe-Smythe,111,Rockcliffe-Smythe (111),D11,661
-8826464.31622447,5426908.00304902,81335261,,2019,2019/10/30 04:00:00+00,2015,39 HOWDEN  RD,,,Collector,Scarborough,21,43.750472,-79.289478,Mid-Block,Non Intersection,No Control,Rain,"Dark, artificial",Wet,Fatal,Pedestrian Collisions,Pedestrian,55 to 59,Fatal,51,East,,,,,Pedestrian hit at mid-block,"Crossing, no Traffic Control",Inattentive,,,,Yes,,Yes,,,,,,,,,,,119,Wexford/Maryvale,119,Wexford/Maryvale (119),D41,662
-8845182.02068441,5421192.14624888,81337929,,2019,2019/11/13 05:00:00+00,943,960 LAWRENCE AVE W,,9 m South of,Major Arterial,North York,8,43.71337,-79.457622,Mid-Block,Non Intersection,No Control,Clear,Daylight,Dry,Fatal,Angle,Driver,65 to 69,Fatal,55,South,"Automobile, Station Wagon",Going Ahead,Failed to Yield Right of Way,Inattentive,,,,,,,,,Yes,,,,,,,Yes,,,,31,Yorkdale-Glen Park,31,Yorkdale-Glen Park (31),D13,663
-8847453.04961609,5420455.39080307,81337232,,2019,2019/11/13 05:00:00+00,1051,KEELE ST,LAWRENCE AVE W,,Major Arterial,Etobicoke York,5,43.708586,-79.478023,Intersection,At Intersection,Traffic Signal,Snow,Daylight,Wet,Fatal,Pedestrian Collisions,Pedestrian,20 to 24,Fatal,58,East,,,,,Vehicle turns right while ped crosses with ROW at inter.,Crossing with right of way,Normal,,,,Yes,,,,Yes,,,,,Yes,,,,30,Brookhaven-Amesbury,30,Brookhaven-Amesbury (30),D12,664
-8824205.08715882,5436324.50446161,81338621,,2019,2019/11/21 05:00:00+00,1340,MCCOWAN RD,SANDHURST CRCL,,Major Arterial,Scarborough,,43.811545,-79.269183,Intersection,At Intersection,Traffic Signal,Clear,Daylight,Wet,Fatal,Cyclist Collisions,Cyclist,65 to 69,Fatal,57,South,Bicycle,,,,,,,"Cyclist without ROW rides into path of motorist at inter, lnwy, dwy-Cyclist not turn.",Disobeyed Traffic Control,Normal,,Yes,Yes,,,,,,,,,,,129,Agincourt North,129,Agincourt North (129),D42,665
-8840344.40957301,5422597.59643705,81337502,,2019,2019/11/22 05:00:00+00,1352,LAWRENCE AVE W,ROSEWELL AVE,,Major Arterial,North York,,43.722495,-79.414165,Intersection,Intersection Related,No Control,Clear,Daylight,Dry,Fatal,Pedestrian Collisions,Pedestrian,90 to 94,Fatal,53,North,,,,,Vehicle is going straight thru inter.while ped cross without ROW,"Crossing, no Traffic Control",Inattentive,,,,Yes,,Yes,,,,,,,,,,,103,Lawrence Park South,103,Lawrence Park South (103),D53,666
-8841626.03087051,5416306.54128094,81337503,,2019,2019/11/22 05:00:00+00,2321,ST CLAIR AVE W,CHRISTIE ST,,Major Arterial,,,43.681639,-79.425678,Intersection,Intersection Related,Traffic Signal,Clear,"Dark, artificial",Dry,Fatal,Pedestrian Collisions,Pedestrian,80 to 84,Fatal,54,South,,,,,Vehicle is going straight thru inter.while ped cross without ROW,Crossing without right of way,Inattentive,,,,Yes,,Yes,,,,,,,,,,,94,Wychwood,94,Wychwood (94),D13,667
-8832180.01547925,5423381.50706579,81337495,,2019,2019/11/25 05:00:00+00,1210,DON MILLS RD,GREEN BELT DR,,Major Arterial,North York,16,43.727584,-79.340823,Intersection,At Intersection,Traffic Signal,Clear,Daylight,Dry,Fatal,Turning Movement,Passenger,15 to 19,Fatal,52,,,,,,,,,,,,,,Yes,,,,,Yes,,Yes,,,,42,Banbury-Don Mills,42,Banbury-Don Mills (42),D33,668
-8857508.76185842,5426574.67854877,81337505,,2019,2019/11/28 05:00:00+00,623,ISLINGTON AVE,AVIEMORE DR,,Major Arterial,Etobicoke York,,43.748309,-79.568355,Mid-Block,Non Intersection,No Control,Clear,Dark,Dry,Fatal,Pedestrian Collisions,Pedestrian,75 to 79,Fatal,56,West,,,,,Vehicle is going straight thru inter.while ped cross without ROW,Crossing without right of way,Other,,,,Yes,,,,,,,,,,,,,21,Humber Summit,21,Humber Summit (21),D31,669
-8848631.03246766,5427435.36766357,81338458,,2019,2019/12/06 05:00:00+00,1720,3680 KEELE ST,,56 m South of St REGIS CR,Major Arterial,North York,76,43.753894,-79.488605,Mid-Block,Non Intersection,No Control,Clear,Dark,Wet,Fatal,Pedestrian Collisions,Pedestrian,75 to 79,Fatal,64,East,,Going Ahead,,,Pedestrian hit at mid-block,"Crossing, no Traffic Control",Inattentive,,,,Yes,,Yes,,,,,,,,,,,27,York University Heights,27,York University Heights (27),D31,670
-8841276.93294738,5428213.0620322,81339379,,2019,2019/12/10 05:00:00+00,1454,SHEPPARD AVE W,SENLAC RD,,Major Arterial,North York,18,43.75894,-79.422542,Intersection,At Intersection,Traffic Signal,Clear,Daylight,Dry,Fatal,Turning Movement,Driver,80 to 84,Fatal,63,West,"Automobile, Station Wagon",Going Ahead,Disobeyed Traffic Control,Inattentive,,,,,,,,,Yes,,,,,Yes,,Yes,Yes,,,38,Lansing-Westgate,38,Lansing-Westgate (38),D32,671
-8861415.51938781,5422075.12902798,81338626,,2019,2019/12/11 05:00:00+00,1843,REXDALE BLVD,QUEENS PLATE DR,,Major Arterial,Etobicoke York,,43.719103,-79.60345,Intersection,At Intersection,Traffic Signal,Clear,"Dark, artificial",Dry,Fatal,,Passenger,70 to 74,Fatal,59,,,,,,,,,,,,,,Yes,,,,,Yes,,,,,,1,West Humber-Clairville,1,West Humber-Clairville (1),D23,672