X,Y,INDEX_,ACCNUM,YEAR,DATE,TIME,STREET1,STREET2,OFFSET,ROAD_CLASS,DISTRICT,WARDNUM,LATITUDE,LONGITUDE,LOCCOORD,ACCLOC,TRAFFCTL,VISIBILITY,LIGHT,RDSFCOND,ACCLASS,IMPACTYPE,INVTYPE,INVAGE,INJURY,FATAL_NO,INITDIR,VEHTYPE,MANOEUVER,DRIVACT,DRIVCOND,PEDTYPE,PEDACT,PEDCOND,CYCLISTYPE,CYCACT,CYCCOND,PEDESTRIAN,CYCLIST,AUTOMOBILE,MOTORCYCLE,TRUCK,TRSN_CITY_VEH,EMERG_VEH,PASSENGER,SPEEDING,AG_DRIV,REDLIGHT,ALCOHOL,DISABILITY,HOOD_158,NEIGHBOURHOOD_158,HOOD_140,NEIGHBOURHOOD_140,DIVISION,ObjectId
-8822071.64911776,5427528.14503689,81339079,,2019,2019/12/15 05:00:00+00,129,LAWRENCE AVE E,BARRYMORE RD,,Major Arterial,Scarborough,21,43.754496,-79.250018,Mid-Block,Non Intersection,No Control,,Dark,,Fatal,Pedestrian Collisions,Pedestrian,75 to 79,Fatal,60,South,,,,,Pedestrian hit at mid-block,"Crossing, no Traffic Control",Unknown,,,,Yes,,Yes,,,,,,,,,,,157,Bendale South,127,Bendale (127),D43,673
-8820175.21027261,5431787.35398647,81339096,,2019,2019/12/22 05:00:00+00,1834,PROGRESS AVE,MARKHAM RD,,Major Arterial,Scarborough,24,43.782126,-79.232982,Mid-Block,Non Intersection,No Control,Clear,"Dark, artificial",Wet,Fatal,Pedestrian Collisions,Pedestrian,15 to 19,Fatal,62,Unknown,,,,,Pedestrian hit on sidewalk or shoulder,On Sidewalk or Shoulder,Unknown,,,,Yes,,Yes,,,,,,,,,Yes,,142,Woburn North,137,Woburn (137),D43,674
-8820175.21027261,5431787.35398647,81339098,,2019,2019/12/22 05:00:00+00,1834,PROGRESS AVE,MARKHAM RD,,Major Arterial,Scarborough,24,43.782126,-79.232982,Mid-Block,Non Intersection,No Control,Clear,"Dark, artificial",Wet,Fatal,Pedestrian Collisions,Pedestrian,15 to 19,Fatal,61,Unknown,,,,,Pedestrian hit on sidewalk or shoulder,On Sidewalk or Shoulder,Unknown,,,,Yes,,Yes,,,,,,,,,Yes,,142,Woburn North,137,Woburn (137),D43,675
-8836046.92063093,5412909.80489157,81340229,26294,2020,2020/01/04 05:00:00+00,2214,256 JARVIS ST,,GERRARD ST E,Major Arterial,Toronto and East York,13,43.659568,-79.37556,Mid-Block,Non Intersection,No Control,Clear,"Dark, artificial",Dry,Fatal,Pedestrian Collisions,Pedestrian,65 to 69,Fatal,1,East,,,,,Pedestrian hit at mid-block,"Crossing, no Traffic Control",Unknown,,,,Yes,,Yes,,,,,,,,,,,168,Downtown Yonge East,75,Church-Yonge Corridor (75),D51,676
-8847050.51833738,5430956.322324,81341765,139578,2020,2020/01/21 05:00:00+00,701,ALNESS ST,SUPERTEST RD,,Minor Arterial,North York,6,43.776736,-79.474407,Intersection,At Intersection,Traffic Signal,Clear,"Dark, artificial",Dry,Fatal,Pedestrian Collisions,Pedestrian,25 to 29,Fatal,2,Unknown,,,,,Vehicle turns right while ped crosses with ROW at inter.,Crossing with right of way,Unknown,,,,Yes,,,,Yes,,,,,Yes,,,,27,York University Heights,27,York University Heights (27),D32,677
-8849879.48055691,5413792.61152458,81341766,188526,2020,2020/01/27 05:00:00+00,2030,3775 DUNDAS ST W,,,Major Arterial,Etobicoke York,4,43.665305,-79.49982,Mid-Block,Non Intersection,No Control,Clear,"Dark, artificial",Dry,Fatal,Pedestrian Collisions,Pedestrian,75 to 79,Fatal,3,South,,,,,Pedestrian hit at mid-block,"Crossing, no Traffic Control",Normal,,,,Yes,,Yes,,,,,,,,,,,114,Lambton Baby Point,114,Lambton Baby Point (114),D11,678
-8832596.23905532,5424809.47691656,81341768,202070,2020,2020/01/29 05:00:00+00,1634,LAWRENCE AVE E,DON MILLS RD,,Major Arterial,North York,16,43.736853,-79.344562,Mid-Block,Non Intersection,No Control,Clear,Daylight,Dry,Fatal,Pedestrian Collisions,Pedestrian,60 to 64,Fatal,4,North,,,,,Pedestrian hit at mid-block,"Crossing, no Traffic Control",Normal,,,,Yes,,Yes,,,,,,,,,,,42,Banbury-Don Mills,42,Banbury-Don Mills (42),D33,679
-8830458.57087362,5431502.72877033,81393715,385373,2020,2020/02/23 05:00:00+00,1655,VICTORIA PARK AVE,HUNTINGWOOD DR,,Major Arterial,North York,1722,43.78028,-79.325359,Intersection,At Intersection,Traffic Signal,Clear,Daylight,Dry,Fatal,Pedestrian Collisions,Pedestrian,75 to 79,Fatal,5,East,,,,,Vehicle turns left while ped crosses with ROW at inter.,Crossing with right of way,Normal,,,,Yes,,Yes,,,,,Yes,,Yes,,,,147,L'Amoreaux West,117,L'Amoreaux (117),D42,680
-8823669.19513014,5421027.04877883,81333479,488737,2020,2020/03/08 05:00:00+00,1400,NORTH BONNINGTON AVE,ZENITH DR,,Local,Scarborough,20,43.712298,-79.264369,Mid-Block,Non Intersection,No Control,Clear,Daylight,Wet,Fatal,Other,Motorcycle Driver,20 to 24,Fatal,6,South,Motorcycle,Going Ahead,Lost control,Unknown,,,,,,,,,,Yes,,,,,,,,,,120,Clairlea-Birchmount,120,Clairlea-Birchmount (120),D41,681
-8858793.72274065,5428715.83951056,81409786,656670,2020,2020/04/03 04:00:00+00,2310,STEELES AVE W,ISLINGTON AVE,,Major Arterial,Etobicoke York,17,43.762202,-79.579898,Mid-Block,Non Intersection,No Control,Clear,"Dark, artificial",Wet,Fatal,Turning Movement,Driver,25 to 29,Fatal,7,West,"Automobile, Station Wagon",Making U Turn,Improper Turn,Unknown,,,,,,,,,Yes,,,,,Yes,,,,,,2,Mount Olive-Silverstone-Jamestown,2,Mount Olive-Silverstone-Jamestown (2),D23,682
-8820304.34088193,5435770.25362954,81423910,886175,2020,2020/05/12 04:00:00+00,2109,TAPSCOTT RD,MELFORD DR,,Minor Arterial,Scarborough,23,43.807952,-79.234142,Intersection,At Intersection,No Control,Clear,"Dark, artificial",Dry,Fatal,SMV Other,Motorcycle Driver,30 to 34,Fatal,8,North,Motorcycle,Going Ahead,Lost control,Unknown,,,,,,,,,,Yes,,,,,,,,,,145,Malvern West,132,Malvern (132),D42,683
-8813299.22796529,5430171.15103057,81423909,888584,2020,2020/05/13 04:00:00+00,945,LAWRENCE AVE E,FERN MEADOW RD,,Minor Arterial,Scarborough,25,43.771643,-79.171214,Mid-Block,Non Intersection,No Control,Clear,Daylight,Dry,Fatal,Pedestrian Collisions,Pedestrian,75 to 79,Fatal,9,West,,,,,Pedestrian hit on sidewalk or shoulder,On Sidewalk or Shoulder,Normal,,,,Yes,,Yes,,,,,,,,,,,136,West Hill,136,West Hill (136),D43,684
-8824841.2780487,5426746.96404951,81424470,923881,2020,2020/05/19 04:00:00+00,1040,LAWRENCE AVE E,KENNEDY RD,,Major Arterial,Scarborough,21,43.749427,-79.274898,Intersection,At Intersection,Traffic Signal,Clear,Daylight,Dry,Fatal,Sideswipe,Driver,55 to 59,Fatal,12,West,"Automobile, Station Wagon",Changing Lanes,Improper Lane Change,Unknown,,,,,,,,,Yes,,,,,,,Yes,,,,126,Dorset Park,126,Dorset Park (126),D41,685
-8859246.45910971,5409812.26253459,81424620,927087,2020,2020/05/19 04:00:00+00,1952,BURNHAMTHORPE RD,MILL RD,,Major Arterial,Etobicoke York,,43.639434,-79.583965,Mid-Block,Non Intersection,No Control,Clear,Daylight,Dry,Fatal,SMV Other,Motorcycle Driver,60 to 64,Fatal,10,West,Motorcycle,Going Ahead,Lost control,Unknown,,,,,,,,,,Yes,,,,,,,,,,12,Markland Wood,12,Markland Wood (12),D22,686
-8841946.18572603,5421309.65678827,81425347,1010606,2020,2020/06/01 04:00:00+00,1820,BATHURST ST,GLENGROVE AVE,,Major Arterial,North York,,43.714133,-79.428554,Intersection,At Intersection,Stop Sign,Clear,Daylight,Dry,Fatal,Turning Movement,Motorcycle Driver,25 to 29,Fatal,11,South,Motorcycle,Going Ahead,Exceeding Speed Limit,Unknown,,,,,,,,,Yes,Yes,,,,,Yes,Yes,,,,39,Bedford Park-Nortown,39,Bedford Park-Nortown (39),D53,687
-8848083.22925347,5424294.1251639,81425353,1045060,2020,2020/06/07 04:00:00+00,15,KEELE ST,CALVINGTON DR,,Major Arterial,North York,6,43.733508,-79.483684,Intersection,At Intersection,Traffic Signal,Clear,"Dark, artificial",Dry,Fatal,Pedestrian Collisions,Pedestrian,15 to 19,Fatal,13,North,,,,,Vehicle turns left while ped crosses with ROW at inter.,Crossing with right of way,Normal,,,,Yes,,Yes,,,,,,Yes,Yes,,,,155,Downsview,26,Downsview-Roding-CFB (26),D31,688
-8821359.0930572,5423137.50023479,81425350,1064422,2020,2020/06/09 04:00:00+00,2211,BRIMLEY RD,COMRIE TER,,Minor Arterial,Scarborough,20,43.726,-79.243617,Intersection,At Intersection,No Control,Clear,"Dark, artificial",Dry,Fatal,Turning Movement,Motorcycle Passenger,20 to 24,Fatal,14,,,,,,,,,,,,,,Yes,Yes,,,,Yes,Yes,Yes,,,,123,Cliffcrest,123,Cliffcrest (123),D41,689
-8812658.91825425,5430378.19049369,81431721,1343123,2020,2020/07/19 04:00:00+00,1802,LAWRENCE AVE E,MCMILLAN AVE,,Minor Arterial,Scarborough,25,43.772986,-79.165462,Intersection,Intersection Related,No Control,Clear,Daylight,Dry,Fatal,Approaching,Passenger,20 to 24,Fatal,15,,,,,,,,,,,,,,Yes,,,,,Yes,,,,,,136,West Hill,136,West Hill (136),D43,690
-8844904.27855488,5427130.84251241,81431665,1393549,2020,2020/07/26 04:00:00+00,2119,881 SHEPPARD AVE W,,,Major Arterial,North York,6,43.751918,-79.455127,Mid-Block,Non Intersection,No Control,Clear,"Dark, artificial",Dry,Fatal,Pedestrian Collisions,Pedestrian,25 to 29,Fatal,16,South,,,,,Pedestrian hit at mid-block,"Crossing, no Traffic Control",Unknown,,,,Yes,,Yes,,,,,,Yes,Yes,,,,33,Clanton Park,33,Clanton Park (33),D32,691
-8849253.53106017,5406054.11345297,81431840,1402441,2020,2020/07/28 04:00:00+00,700,STANLEY AVE,STATION RD,,Local,Etobicoke York,3,43.614997,-79.494197,Intersection,Intersection Related,Stop Sign,Clear,Daylight,Dry,Fatal,Pedestrian Collisions,Pedestrian,80 to 84,Fatal,17,East,,,,,Pedestrian hit at mid-block,Walking on Roadway with Traffic,Normal,,,,Yes,,Yes,,,,,,,,,,,160,Mimico-Queensway,17,Mimico (includes Humber Bay Shores) (17),D22,692
-8856576.23848405,5411093.8305238,81431842,1501323,2020,2020/08/11 04:00:00+00,1109,THE EAST MALL,MONTEBELLO GDNS,,Minor Arterial,Etobicoke York,2,43.647765,-79.559978,Mid-Block (Abnormal),Non Intersection,Stop Sign,Clear,Daylight,Dry,Fatal,Pedestrian Collisions,Pedestrian,0 to 4,Fatal,18,East,,,,,Vehicle turns left while ped crosses without ROW at inter.,"Crossing, no Traffic Control",Unknown,,,,Yes,,Yes,,,,,,,,,,,158,Islington,14,Islington-City Centre West (14),D22,693
-8833869.28875204,5411271.67346997,81431952,1521326,2020,2020/08/14 04:00:00+00,445,LAKE SHORE BLVD E,CHERRY ST,,Major Arterial,Toronto and East York,,43.648921,-79.355998,Intersection,Intersection Related,Traffic Signal,Clear,"Dawn, artificial",Dry,Fatal,Pedestrian Collisions,Pedestrian,60 to 64,Fatal,20,North,,,,,Vehicle is going straight thru inter.while ped cross without ROW,Crossing without right of way,Other,,,,Yes,,,,,,,,,,,,,166,St Lawrence-East Bayfront-The Islands,77,Waterfront Communities-The Island (77),D51,694
-8846032.94687204,5420112.4438093,81431949,1522941,2020,2020/08/14 04:00:00+00,1105,CALEDONIA RD,GLENGROVE AVE,,Minor Arterial,North York,,43.706359,-79.465266,Intersection,At Intersection,No Control,Clear,Daylight,Dry,Fatal,Pedestrian Collisions,Pedestrian,0 to 4,Fatal,19,West,,,,,Vehicle is going straight thru inter.while ped cross without ROW,"Crossing, no Traffic Control",Unknown,,,,Yes,,Yes,,,,,,,,,,,31,Yorkdale-Glen Park,31,Yorkdale-Glen Park (31),D13,695
-8852373.9277066,5412340.34166017,81431977,1670162,2020,2020/09/04 04:00:00+00,431,DUNDAS ST W,NOTTINGHAM DR,,Major Arterial,Etobicoke York,2,43.655867,-79.522228,Mid-Block,Non Intersection,No Control,Clear,"Dark, artificial",Dry,Fatal,SMV Other,Motorcycle Driver,30 to 34,Fatal,21,West,Motorcycle,Going Ahead,Lost control,Unknown,,,,,,,,,,Yes,,,,,,,,,,15,Kingsway South,15,Kingsway South (15),D22,696
-8852974.38503994,5427616.91628774,81432000,1670339,2020,2020/09/04 04:00:00+00,551,FINCH AVE W,400 N FINCH E RAMP,,Major Arterial,Etobicoke York,7,43.755072,-79.527622,Mid-Block,Non Intersection,No Control,Clear,"Dark, artificial",Dry,Fatal,Cyclist Collisions,Cyclist,50 to 54,Fatal,22,West,Bicycle,Going Ahead,,,,,,Cyclist and Driver travelling in same direction. One vehicle rear-ended the other.,Driving Properly,Normal,,Yes,Yes,,,,,,,Yes,,,,25,Glenfield-Jane Heights,25,Glenfield-Jane Heights (25),D31,697
-8827305.11233843,5431286.87585276,81432063,1673785,2020,2020/09/04 04:00:00+00,1543,BIRCHMOUNT RD,CASS AVE,,Major Arterial,Scarborough,22,43.77888,-79.297031,Intersection,At Intersection,No Control,Clear,Daylight,Dry,Fatal,Turning Movement,Motorcycle Driver,30 to 34,Fatal,23,South,Motorcycle,Going Ahead,Exceeding Speed Limit,Normal,,,,,,,,,Yes,Yes,,,,,Yes,Yes,,,,118,Tam O'Shanter-Sullivan,118,Tam O'Shanter-Sullivan (118),D42,698
-8828033.80972516,5429771.26816318,81432062,1766820,2020,2020/09/17 04:00:00+00,2240,WARDEN AVE,401 C E WARDEN N RAMP,,Major Arterial,Scarborough,21,43.769049,-79.303577,Intersection,At Intersection,Traffic Signal,Clear,"Dark, artificial",Dry,Fatal,Turning Movement,Motorcycle Driver,30 to 34,Fatal,24,North,Motorcycle,Going Ahead,Other,Normal,,,,,,,,,Yes,Yes,,,,,,,,,,119,Wexford/Maryvale,119,Wexford/Maryvale (119),D41,699
-8859108.86821909,5425970.9341865,81432064,1776003,2020,2020/09/19 04:00:00+00,616,KIPLING AVE,STEVENSON RD,,Major Arterial,Etobicoke York,1,43.744391,-79.582729,Intersection,At Intersection,Stop Sign,Clear,Daylight,Dry,Fatal,Pedestrian Collisions,Pedestrian,60 to 64,Fatal,25,East,,,,,Vehicle is going straight thru inter.while ped cross without ROW,Crossing without right of way,Inattentive,,,,Yes,,Yes,,,,,,,,,Yes,,2,Mount Olive-Silverstone-Jamestown,2,Mount Olive-Silverstone-Jamestown (2),D23,700
-8839015.25485294,5411738.75826837,81432066,1815972,2020,2020/09/20 04:00:00+00,1812,DUNDAS ST W,DENISON AVE,,Major Arterial,Toronto and East York,1110,43.651957,-79.402225,Intersection,At Intersection,Traffic Signal,Clear,Daylight,Dry,Fatal,Cyclist Collisions,Cyclist,35 to 39,Fatal,26,East,Bicycle,Going Ahead,,,,,,"Cyclist loses control and strikes object (pole, ttc track)",Lost control,Unknown,,Yes,Yes,,,,,,,,,,,78,Kensington-Chinatown,78,Kensington-Chinatown (78),D14,701
-8842134.76094344,5411866.76454851,81432343,1915138,2020,2020/10/08 04:00:00+00,2330,COLLEGE ST,RUSHOLME PARK CRES,,Major Arterial,Toronto and East York,9,43.652789,-79.430248,Mid-Block,Non Intersection,No Control,Clear,"Dark, artificial",Dry,Fatal,SMV Unattended Vehicle,Motorcycle Driver,35 to 39,Fatal,28,West,Motorcycle,Going Ahead,Lost control,Unknown,,,,,,,,,Yes,Yes,,,,,,,,,,84,Little Portugal,84,Little Portugal (84),D14,702
-8836658.39859386,5429972.44068384,81432264,1957732,2020,2020/10/15 04:00:00+00,1227,22 ELKHORN DR,,,Local,North York,17,43.770354,-79.381053,Mid-Block,Non Intersection,No Control,Rain,Daylight,Wet,Fatal,Pedestrian Collisions,Pedestrian,80 to 84,Fatal,27,East,,,,,Vehicle is reversing and hits pedestrian,On Sidewalk or Shoulder,Normal,,,,Yes,,,,Yes,,,,,,,,,52,Bayview Village,52,Bayview Village (52),D33,703
-8826502.49880981,5431895.59405124,81432342,1994232,2020,2020/10/21 04:00:00+00,8,SHEPPARD AVE E,KENNEDY RD,,Major Arterial,Scarborough,22,43.782828,-79.289821,Mid-Block,Non Intersection,No Control,Clear,"Dark, artificial",Dry,Fatal,SMV Other,Driver,50 to 54,Fatal,29,East,"Automobile, Station Wagon",Going Ahead,Lost control,Medical or Physical Disability,,,,,,,,,Yes,,,,,,,,,,Yes,118,Tam O'Shanter-Sullivan,118,Tam O'Shanter-Sullivan (118),D42,704
-8841161.38331594,5414753.53094767,81432400,2019769,2020,2020/10/24 04:00:00+00,1621,DUPONT ST,CHRISTIE ST,,Major Arterial,Toronto and East York,11,43.671549,-79.421504,Intersection,Intersection Related,Traffic Signal,Clear,Daylight,Dry,Fatal,Pedestrian Collisions,Pedestrian,70 to 74,Fatal,30,Unknown,,,,,Pedestrian hit on sidewalk or shoulder,On Sidewalk or Shoulder,Normal,,,,Yes,,Yes,,,,,,,,,,Yes,95,Annex,95,Annex (95),D14,705
-8834020.46062053,5411631.36975222,81432586,2092644,2020,2020/11/04 05:00:00+00,1241,CHERRY ST,MILL ST,,Collector,Toronto and East York,1013,43.651259,-79.357356,Intersection,At Intersection,Traffic Signal,Clear,Daylight,Dry,Fatal,Pedestrian Collisions,Pedestrian,65 to 69,Fatal,31,East,,,,,Vehicle turns right while ped crosses with ROW at inter.,Crossing with right of way,Normal,,,,Yes,,,,Yes,,,,,Yes,,,,166,St Lawrence-East Bayfront-The Islands,77,Waterfront Communities-The Island (77),D51,706
-8843617.5365608,5421449.50090018,81432587,2109352,2020,2020/11/06 05:00:00+00,1920,WILLIAM R ALLEN RD N,LAWRENCE AVE W,,Expressway,North York,8,43.715041,-79.443568,Mid-Block,Non Intersection,No Control,Clear,"Dark, artificial",Dry,Fatal,Pedestrian Collisions,Pedestrian,30 to 34,Fatal,32,West,,Unknown,,,Pedestrian hit at mid-block,"Crossing, no Traffic Control",Other,,,,Yes,,Yes,,,,,,,,,,,31,Yorkdale-Glen Park,31,Yorkdale-Glen Park (31),D13,707
-8849713.05791817,5406224.17141335,81432590,2202286,2020,2020/11/20 05:00:00+00,1643,ROYAL YORK RD,JUDSON ST,,Minor Arterial,Etobicoke York,3,43.616103,-79.498325,Intersection,At Intersection,No Control,Clear,Dusk,Dry,Fatal,Cyclist Collisions,Cyclist,55 to 59,Fatal,33,South,,Going Ahead,,,,,,"Motorist turns right at non-signal Inter.(stop, yield, no cont.,and dwy) and strikes cyclist.",Driving Properly,Normal,,Yes,,,Yes,,,,,Yes,,,,160,Mimico-Queensway,17,Mimico (includes Humber Bay Shores) (17),D22,708
-8817054.03438975,5431849.18326953,81432758,2253261,2020,2020/11/28 05:00:00+00,1638,ELLESMERE RD,NEILSON RD,,Major Arterial,Scarborough,24,43.782527,-79.204944,Intersection,At Intersection,Traffic Signal,Clear,Dusk,Dry,Fatal,Angle,Driver,55 to 59,Fatal,39,North,"Automobile, Station Wagon",Going Ahead,Failed to Yield Right of Way,Inattentive,,,,,,,,,Yes,,,,,Yes,Yes,Yes,,,,135,Morningside,135,Morningside (135),D43,709
-8842476.95705814,5412146.6306096,81432714,2279200,2020,2020/12/02 05:00:00+00,1829,DUFFERIN ST,SYLVAN AVE,,Major Arterial,Toronto and East York,,43.654608,-79.433322,Intersection,Intersection Related,No Control,Clear,Daylight,Dry,Fatal,Cyclist Collisions,Cyclist,20 to 24,Fatal,34,South,Bicycle,Going Ahead,,,,,,Cyclist and Driver travelling in same direction. One vehicle sideswipes the other.,Driving Properly,Normal,,Yes,Yes,,,,,,,Yes,,,,83,Dufferin Grove,83,Dufferin Grove (83),D14,710
-8821316.6803312,5436012.58964914,81432713,2298555,2020,2020/12/05 05:00:00+00,1716,2255 MARKHAM RD,,,Major Arterial,Scarborough,,43.809523,-79.243236,Mid-Block,Non Intersection,No Control,Clear,"Dusk, artificial",Dry,Fatal,Pedestrian Collisions,Pedestrian,35 to 39,Fatal,35,East,,,,,Pedestrian hit at mid-block,"Crossing, no Traffic Control",Inattentive,,,,Yes,,,,Yes,,,,,,,,,145,Malvern West,132,Malvern (132),D42,711
-8861097.03432465,5427563.43767144,81432718,2332478,2020,2020/12/10 05:00:00+00,2344,MARTIN GROVE RD,GIHON SPRING DR,,Minor Arterial,Etobicoke York,,43.754725,-79.600589,Mid-Block,Non Intersection,No Control,Clear,"Dark, artificial",Dry,Fatal,SMV Other,Driver,25 to 29,Fatal,36,North,"Automobile, Station Wagon",Going Ahead,Lost control,Unknown,,,,,,,,,Yes,,,,,,,,,,,1,West Humber-Clairville,1,West Humber-Clairville (1),D23,712
-8826290.9917773,5426334.2855534,81432757,2372537,2020,2020/12/17 05:00:00+00,1141,LAWRENCE AVE E,HOWDEN RD,,Major Arterial,Scarborough,21,43.746749,-79.287921,Intersection,At Intersection,Traffic Signal,Clear,Daylight,Dry,Fatal,Pedestrian Collisions,Pedestrian,40 to 44,Fatal,37,North,,,,,Vehicle turns right while ped crosses with ROW at inter.,Crossing with right of way,Normal,,,,Yes,,,,Yes,,,,,Yes,,,,119,Wexford/Maryvale,119,Wexford/Maryvale (119),D41,713
-8825083.28662169,5417624.88104952,81432755,2374044,2020,2020/12/17 05:00:00+00,1550,168 CLONMORE DR,,,Minor Arterial,Scarborough,,43.690203,-79.277072,Mid-Block,Non Intersection,No Control,Clear,Daylight,Dry,Fatal,Pedestrian Collisions,Pedestrian,30 to 34,Fatal,38,Unknown,,,,,Pedestrian hit at mid-block,Playing or Working on Highway,Normal,,,,Yes,,Yes,,,,,,,Yes,,,,122,Birchcliffe-Cliffside,122,Birchcliffe-Cliffside (122),D41,714
-8826323.27442963,5431954.95701959,81432825,2450003,2020,2020/12/30 05:00:00+00,1721,KENNEDY RD,SHEPPARD AVE E,,Major Arterial,Scarborough,,43.783213,-79.288211,Intersection,Intersection Related,Traffic Signal,Rain,"Dark, artificial",Wet,Fatal,Pedestrian Collisions,Pedestrian,55 to 59,Fatal,40,Unknown,,,,,Vehicle is going straight thru inter.while ped cross without ROW,Crossing marked crosswalk without ROW,Unknown,,,,Yes,,Yes,,,,,,,,,,,128,Agincourt South-Malvern West,128,Agincourt South-Malvern West (128),D42,715
-8848386.46354639,5426019.16448135,81478498,1000002228,2021,2021/01/01 05:00:00+00,1129,KEELE ST,SHEPPARD AVE W,,Major Arterial,North York,,43.744704,-79.486408,Intersection,Non Intersection,Traffic Signal,Clear,Daylight,Dry,Fatal,Angle,Driver,65 to 69,Fatal,2,West,"Automobile, Station Wagon",Going Ahead,Driving Properly,Normal,,,,,,,,,Yes,,,,,Yes,Yes,Yes,,,,155,Downsview,26,Downsview-Roding-CFB (26),D31,716
-8858504.1807451,5425920.39280627,81432991,1000073767,2021,2021/01/12 05:00:00+00,1903,FINCH AVE W,KIPLING AVE,,Major Arterial,Etobicoke York,,43.744063,-79.577297,Mid-Block,Non Intersection,No Control,Clear,"Dark, artificial",Wet,Fatal,Pedestrian Collisions,Pedestrian,40 to 44,Fatal,1,North,,,,,Pedestrian hit at mid-block,"Crossing, no Traffic Control",Unknown,,,,Yes,,Yes,,,,,,,,,,,3,Thistletown-Beaumond Heights,3,Thistletown-Beaumond Heights (3),D23,717
-8831896.37341671,5435847.84365378,81542016,1000552546,2021,2021/03/25 04:00:00+00,2300,VICTORIA PARK AVE,SPARKS AVE,,Major Arterial,Scarborough,,43.808455,-79.338275,Mid-Block,At/Near Private Drive,No Control,Rain,"Dark, artificial",Wet,Fatal,Pedestrian Collisions,Pedestrian,30 to 34,Fatal,3,West,,,,,Pedestrian hit at mid-block,"Crossing, no Traffic Control",Inattentive,,,,Yes,,Yes,,,,,,,,,,,116,Steeles,116,Steeles (116),D42,718
-8850208.20701322,5428432.38801511,81542020,1000692826,2021,2021/04/15 04:00:00+00,1530,FINCH AVE W,SENTINEL RD,,Major Arterial,North York,,43.760363,-79.502773,Mid-Block,Non Intersection,No Control,Clear,Daylight,Dry,Fatal,Pedestrian Collisions,Pedestrian,45 to 49,Fatal,4,South,,,,,Pedestrian hit at mid-block,"Crossing, no Traffic Control",Normal,,,,Yes,,,,Yes,,,,,,,,,27,York University Heights,27,York University Heights (27),D31,719
-8838890.35438427,5411776.29838791,81542019,1000734326,2021,2021/04/21 04:00:00+00,2305,DUNDAS ST W,AUGUSTA AVE,,Major Arterial,Toronto and East York,1110,43.652201,-79.401103,Intersection,Intersection Related,No Control,Clear,"Dark, artificial",Dry,Fatal,SMV Unattended Vehicle,Passenger,35 to 39,Fatal,5,,,,,,,,,,,,,,Yes,,,Yes,,Yes,Yes,Yes,,,,78,Kensington-Chinatown,78,Kensington-Chinatown (78),D14,720
-8827834.99311461,5417296.66396865,81542022,1000772458,2021,2021/04/27 04:00:00+00,1510,MAIN ST,DANFORTH AVE,,Major Arterial,Toronto and East York,,43.688071,-79.301791,Intersection,At Intersection,Traffic Signal,Clear,Daylight,Dry,Fatal,Pedestrian Collisions,Wheelchair,80 to 84,Fatal,6,North,,,,,Vehicle turns right while ped crosses with ROW at inter.,Crossing with right of way,Normal,,,,Yes,,,,Yes,,,,,,,,,62,East End-Danforth,62,East End-Danforth (62),D55,721
-8820207.49292494,5422877.78793151,81543440,1000934827,2021,2021/05/20 04:00:00+00,1438,KINGSTON RD,DORSET RD,,Major Arterial,Scarborough,20,43.724314,-79.233272,Intersection,At Intersection,No Control,Clear,Daylight,Dry,Fatal,Pedestrian Collisions,Wheelchair,65 to 69,Fatal,7,East,,Making U Turn,,,Vehicle is going straight thru inter.while ped cross without ROW,Crossing without right of way,Inattentive,,,,Yes,,Yes,,,,,,,,,,,123,Cliffcrest,123,Cliffcrest (123),D43,722