X,Y,INDEX_,ACCNUM,YEAR,DATE,TIME,STREET1,STREET2,OFFSET,ROAD_CLASS,DISTRICT,WARDNUM,LATITUDE,LONGITUDE,LOCCOORD,ACCLOC,TRAFFCTL,VISIBILITY,LIGHT,RDSFCOND,ACCLASS,IMPACTYPE,INVTYPE,INVAGE,INJURY,FATAL_NO,INITDIR,VEHTYPE,MANOEUVER,DRIVACT,DRIVCOND,PEDTYPE,PEDACT,PEDCOND,CYCLISTYPE,CYCACT,CYCCOND,PEDESTRIAN,CYCLIST,AUTOMOBILE,MOTORCYCLE,TRUCK,TRSN_CITY_VEH,EMERG_VEH,PASSENGER,SPEEDING,AG_DRIV,REDLIGHT,ALCOHOL,DISABILITY,HOOD_158,NEIGHBOURHOOD_158,HOOD_140,NEIGHBOURHOOD_140,DIVISION,ObjectId
-8835542.42069866,5412699.61794231,81577651,1000938844,2021,2021/05/21 04:00:00+00,325,DUNDAS ST E,SHERBOURNE ST,,Major Arterial,Toronto and East York,13,43.658202,-79.371028,Mid-Block,Non Intersection,No Control,Clear,"Dark, artificial",Dry,Fatal,Pedestrian Collisions,Pedestrian,55 to 59,Fatal,8,South,,,,,Pedestrian hit at mid-block,"Crossing, no Traffic Control",Inattentive,,,,Yes,,Yes,,,,,,,,,,,73,Moss Park,73,Moss Park (73),D51,723
-8832137.60275326,5418864.11347568,81579333,1001013918,2021,2021/05/31 04:00:00+00,2240,DON VALLEY PARKWAY  S,DON MILLS RD,,Expressway,North York,,43.698252,-79.340442,Mid-Block,Non Intersection,No Control,Clear,"Dark, artificial",Dry,Fatal,SMV Other,Motorcycle Passenger,35 to 39,Fatal,9,,,,,,,,,,,,,,,Yes,,,,Yes,,,,,,58,Old East York,58,Old East York (58),D55,724
-8831127.82365227,5433469.69008743,81577646,1001104105,2021,2021/06/13 04:00:00+00,1315,VICTORIA PARK AVE,FINCH AVE E,,Major Arterial,Scarborough,,43.793036,-79.331371,Intersection,At Intersection,Traffic Signal,Clear,Daylight,Dry,Fatal,Pedestrian Collisions,Pedestrian,65 to 69,Fatal,11,North,,Going Ahead,,,Vehicle is going straight thru inter.while ped cross without ROW,Other,Unknown,,,,Yes,,,,,,,,,,,,,147,L'Amoreaux West,117,L'Amoreaux (117),D42,725
-8853226.52368659,5426383.59642631,81577413,1001142501,2021,2021/06/18 04:00:00+00,1725,720 ARROW RD,,,Minor Arterial,North York,,43.747069,-79.529887,Mid-Block,Non Intersection,No Control,Clear,Daylight,Dry,Fatal,Approaching,Motorcycle Driver,60 to 64,Fatal,18,South,Motorcycle,Going Ahead,Improper Passing,Unknown,,,,,,,,,Yes,Yes,,,,,,Yes,,,,22,Humbermede,22,Humbermede (22),D31,726
-8843007.83970973,5410018.69203927,80498961,,2016,2016/02/18 05:00:00+00,2230,MACDONELL AVE,LN n QUEEEN E FULLER,1 m South of,Local,Toronto and East York,4,43.640776,-79.438091,Intersection,At Intersection,No Control,Clear,Dark,Dry,Fatal,Pedestrian Collisions,Pedestrian,70 to 74,Fatal,15,West,,,,,Vehicle is going straight thru inter.while ped cross without ROW,Crossing without right of way,Inattentive,,,,Yes,,,,,Yes,,,,,,,,86,Roncesvalles,86,Roncesvalles (86),D11,727
-8835788.77073178,5412010.00444762,80501887,,2016,2016/03/04 05:00:00+00,1411,JARVIS ST,QUEEN ST E,,Major Arterial,Toronto and East York,13,43.65372,-79.373241,Intersection,Intersection Related,Traffic Signal,Clear,Daylight,Dry,Fatal,Pedestrian Collisions,Pedestrian,30 to 34,Fatal,14,East,,,,,Vehicle is going straight thru inter.while ped cross without ROW,Crossing without right of way,Medical or Physical Disability,,,,Yes,,,,Yes,,,,,,,,,73,Moss Park,73,Moss Park (73),D51,728
-8858061.68576919,5429095.02152924,80500883,,2016,2016/03/09 05:00:00+00,1835,STEELES AVE W,ISLINGTON AVE,,Major Arterial,Etobicoke York,7,43.764662,-79.573322,Mid-Block,,No Control,Clear,Daylight,Dry,Fatal,Rear End,Motorcycle Driver,25 to 29,Fatal,16,West,Motorcycle,Going Ahead,Speed too Fast For Condition,Unknown,,,,,,,,,,Yes,,,,,Yes,Yes,,,,21,Humber Summit,21,Humber Summit (21),D31,729
-8833727.46772077,5433410.31736261,80000079,,2016,2016/03/14 04:00:00+00,952,DON MILLS RD,FINCH AVE E,,Major Arterial,North York,17,43.792651,-79.354724,Intersection,At Intersection,Traffic Signal,Rain,Daylight,Wet,Fatal,Angle,Passenger,55 to 59,Fatal,17,,,,,,,,,,,,,,Yes,,,,,Yes,,Yes,Yes,,,47,Don Valley Village,47,Don Valley Village (47),D33,730
-8835094.91634567,5411664.29389242,80502826,,2016,2016/03/23 04:00:00+00,2015,KING ST E,PRINCESS ST,10 m East of,Major Arterial,Toronto and East York,13,43.651473,-79.367008,Mid-Block,Intersection Related,No Control,Freezing Rain,"Dark, artificial",Wet,Fatal,Pedestrian Collisions,Pedestrian,75 to 79,Fatal,18,North,,,,,Pedestrian hit at mid-block,"Crossing, no Traffic Control",Inattentive,,,,Yes,,Yes,,,,,,,,,,,73,Moss Park,73,Moss Park (73),D51,731
-8833454.84628781,5433487.42487163,80503035,,2016,2016/03/29 04:00:00+00,901,FINCH AVE E,SKYMARK DR,,Major Arterial,North York,17,43.793151,-79.352275,Intersection,Intersection Related,Traffic Signal,Clear,Daylight,Dry,Fatal,Pedestrian Collisions,Pedestrian,75 to 79,Fatal,19,North,,,,,Vehicle turns left while ped crosses without ROW at inter.,"Crossing, no Traffic Control",Normal,,,,Yes,,Yes,,,,,,,,,,,47,Don Valley Village,47,Don Valley Village (47),D33,732
-8821644.51623159,5437663.91450615,80503036,,2016,2016/03/31 04:00:00+00,2146,MARKHAM RD,NASHDENE RD,,Major Arterial,Scarborough,23,43.820227,-79.246181,Intersection,Intersection Related,Traffic Signal,Rain,Dark,Wet,Fatal,Pedestrian Collisions,Pedestrian,55 to 59,Fatal,20,West,,,,,Vehicle turns left while ped crosses without ROW at inter.,Crossing without right of way,Inattentive,,,,Yes,,Yes,,,,,,,,,,,130,Milliken,131,Rouge (131),D42,733
-8841098.59912313,5420405.4956123,80503082,,2016,2016/04/08 04:00:00+00,902,ST CLEMENTS AVE,CALDOW RD,,Local,North York,8,43.708262,-79.42094,Intersection,Intersection Related,Stop Sign,Clear,Daylight,Dry,Fatal,Angle,Driver,35 to 39,Fatal,21,East,"Automobile, Station Wagon",Going Ahead,Disobeyed Traffic Control,Unknown,,,,,,,,,Yes,,,,,,Yes,Yes,,,,102,Forest Hill North,102,Forest Hill North (102),D53,734
-8839869.63194477,5432793.78892107,80503947,,2016,2016/04/09 04:00:00+00,2111,CUMMER AVE,WILLOWDALE AVE,,Minor Arterial,North York,18,43.788653,-79.4099,Intersection,Intersection Related,Traffic Signal,Clear,Dark,Dry,Fatal,Angle,Driver,30 to 34,Fatal,25,West,"Automobile, Station Wagon",Going Ahead,Disobeyed Traffic Control,Unknown,,,,,,,,,Yes,,,,,,,Yes,Yes,,,50,Newtonbrook East,50,Newtonbrook East (50),D32,735
-8851369.1579827,5425198.66745342,80503019,,2016,2016/04/10 04:00:00+00,326,JANE ST,SHEPPARD AVE W,,Major Arterial,Etobicoke York,76,43.739379,-79.513202,Intersection,Intersection Related,Traffic Signal,Clear,"Dark, artificial",Dry,Fatal,Rear End,Passenger,20 to 24,Fatal,23,,,,,,,,,,,,,,Yes,,,,,Yes,Yes,Yes,,,,25,Glenfield-Jane Heights,25,Glenfield-Jane Heights (25),D31,736
-8851369.1579827,5425198.66745342,80503077,,2016,2016/04/10 04:00:00+00,326,JANE ST,SHEPPARD AVE W,,Major Arterial,Etobicoke York,76,43.739379,-79.513202,Intersection,Intersection Related,Traffic Signal,Clear,"Dark, artificial",Dry,Fatal,Rear End,Passenger,20 to 24,Fatal,24,,,,,,,,,,,,,,Yes,,,,,Yes,Yes,Yes,,,,25,Glenfield-Jane Heights,25,Glenfield-Jane Heights (25),D31,737
-8851369.1579827,5425198.66745342,80503078,,2016,2016/04/10 04:00:00+00,326,JANE ST,SHEPPARD AVE W,,Major Arterial,Etobicoke York,76,43.739379,-79.513202,Intersection,Intersection Related,Traffic Signal,Clear,"Dark, artificial",Dry,Fatal,Rear End,Passenger,15 to 19,Fatal,22,,,,,,,,,,,,,,Yes,,,,,Yes,Yes,Yes,,,,25,Glenfield-Jane Heights,25,Glenfield-Jane Heights (25),D31,738
-8830325.21012365,5431109.88023172,80503948,,2016,2016/04/22 04:00:00+00,1727,VICTORIA PARK AVE,PATRICK BLVD,,Major Arterial,North York,1722,43.777732,-79.324161,Intersection,Intersection Related,Traffic Signal,Clear,Daylight,Dry,Fatal,Pedestrian Collisions,Pedestrian,55 to 59,Fatal,26,East,,,,,Vehicle is going straight thru inter.while ped cross without ROW,Crossing without right of way,Inattentive,,,,Yes,,Yes,,,,,,,,,,,147,L'Amoreaux West,117,L'Amoreaux (117),D42,739
-8848385.57299046,5412052.77683515,80503926,,2016,2016/04/23 04:00:00+00,356,JANE ST,HUMBERVIEW RD,,Major Arterial,Toronto and East York,4,43.653998,-79.4864,Intersection,Non Intersection,No Control,Other,Dark,Other,Fatal,SMV Other,Passenger,20 to 24,Fatal,27,,,,,,,,,,,,,,Yes,,,,,Yes,Yes,Yes,,,,89,Runnymede-Bloor West Village,89,Runnymede-Bloor West Village (89),D11,740
-8819058.34182148,5425646.42636284,80503971,,2016,2016/04/25 04:00:00+00,2139,EGLINTON AVE E,BEACHELL ST,,Major Arterial,Scarborough,2024,43.742285,-79.222949,Mid-Block,Non Intersection,No Control,Rain,Dark,Wet,Fatal,Pedestrian Collisions,Pedestrian,60 to 64,Fatal,28,North,,,,,Pedestrian hit at mid-block,"Crossing, no Traffic Control",Normal,,,,Yes,,Yes,,,,,,,,,,,139,Scarborough Village,139,Scarborough Village (139),D43,741
-8840967.79872145,5424440.94740946,80503954,,2016,2016/05/01 04:00:00+00,2033,AVENUE RD,FELBRIGGE AVE,,Major Arterial,North York,8,43.734461,-79.419765,Mid-Block,Non Intersection,No Control,Rain,"Dark, artificial",Wet,Fatal,Pedestrian Collisions,Pedestrian,90 to 94,Fatal,29,West,,,,,Vehicle is going straight thru inter.while ped cross without ROW,"Crossing, no Traffic Control",Inattentive,,,,Yes,,Yes,,,,,,,,,,,39,Bedford Park-Nortown,39,Bedford Park-Nortown (39),D32,742
-8826401.42071217,5414937.90840435,80504003,,2016,2016/05/03 04:00:00+00,948,3 SPRUCE HILL RD,,,Local,Toronto and East York,19,43.672747,-79.288913,Mid-Block,Non Intersection,No Control,Clear,Daylight,Dry,Fatal,Pedestrian Collisions,Pedestrian,65 to 69,Fatal,30,Unknown,,,,,Pedestrian hit at parking lot,Other,Normal,,,,Yes,,Yes,,,,,,,,,,,63,The Beaches,63,The Beaches (63),D55,743
-8851153.42080954,5424031.9153814,80542229,,2016,2016/05/17 04:00:00+00,1414,JANE ST,TROUTBROOKE DR,,Major Arterial,Etobicoke York,76,43.731806,-79.511264,Intersection,At Intersection,Traffic Signal,Clear,Daylight,Dry,Fatal,Turning Movement,Motorcycle Driver,30 to 34,Fatal,31,North,Motorcycle,Going Ahead,Driving Properly,Normal,,,,,,,,,Yes,Yes,,,,,,Yes,,,,154,Oakdale-Beverley Heights,26,Downsview-Roding-CFB (26),D31,744
-8861038.4802725,5423343.7656884,80542277,,2016,2016/05/24 04:00:00+00,1350,HIGHWAY 27  N,HUMBER COLLEGE BLVD,,Major Arterial,Etobicoke York,1,43.727339,-79.600063,Mid-Block,Non Intersection,No Control,Clear,Daylight,Dry,Fatal,Rear End,Driver,70 to 74,Fatal,32,North,"Automobile, Station Wagon",Going Ahead,Driving Properly,Normal,,,,,,,,,Yes,,Yes,,,Yes,Yes,Yes,,,,1,West Humber-Clairville,1,West Humber-Clairville (1),D23,745
-8857071.3875791,5406634.72205603,80542280,,2016,2016/05/28 04:00:00+00,1800,THE WEST MALL,WESTSIDE DR,,Minor Arterial,Etobicoke York,3,43.618773,-79.564426,Mid-Block,Non Intersection,No Control,Clear,Daylight,Dry,Fatal,Approaching,Driver,20 to 24,Fatal,33,South,"Automobile, Station Wagon",Changing Lanes,Lost control,Inattentive,,,,,,,,,Yes,,,,,Yes,Yes,Yes,,,,159,Etobicoke City Centre,14,Islington-City Centre West (14),D22,746
-8846274.17620858,5417303.12967091,80542830,,2016,2016/05/30 04:00:00+00,1728,4 EWART AVE,,,Local,Etobicoke York,5,43.688113,-79.467433,Intersection,Non Intersection,No Control,Clear,Daylight,Dry,Fatal,Other,Driver,65 to 69,Fatal,34,Unknown,"Automobile, Station Wagon",Reversing,Other,Unknown,,,,,,,,,Yes,,,,,,,,,,,110,Keelesdale-Eglinton West,110,Keelesdale-Eglinton West (110),D12,747
-8831230.57154227,5425043.97534526,80542279,,2016,2016/05/31 04:00:00+00,1441,DON VALLEY PARKWAY  S,LAWRENCE AVE E,,,North York,16,43.738375,-79.332294,Mid-Block,Non Intersection,No Control,Clear,Daylight,Dry,Fatal,Rear End,Driver,70 to 74,Fatal,35,South,"Automobile, Station Wagon",Going Ahead,Speed too Slow,Inattentive,,,,,,,,,Yes,,Yes,,,,,,,,,42,Banbury-Don Mills,42,Banbury-Don Mills (42),D33,748
-8824065.0472394,5424091.38181149,80545821,,2016,2016/06/06 04:00:00+00,1435,KENNEDY RD,EGLINTON AVE E,,Major Arterial,Scarborough,2120,43.732192,-79.267925,Intersection,At Intersection,Traffic Signal,Clear,Daylight,Dry,Fatal,Turning Movement,Passenger,65 to 69,Fatal,44,,,,,,,,,,,,,,Yes,,,,,Yes,,Yes,Yes,,,124,Kennedy Park,124,Kennedy Park (124),D41,749
-8837908.62779496,5410005.77083217,80542827,,2016,2016/06/14 04:00:00+00,1415,BREMNER BLVD,SPADINA AVE,,Minor Arterial,Toronto and East York,10,43.640692,-79.392284,Mid-Block,Non Intersection,No Control,Clear,Daylight,Dry,Fatal,Pedestrian Collisions,Pedestrian,35 to 39,Fatal,36,Unknown,,,,,Pedestrian hit on sidewalk or shoulder,On Sidewalk or Shoulder,Unknown,,,,Yes,,Yes,,,,,,,Yes,,,,165,Harbourfront-CityPlace,77,Waterfront Communities-The Island (77),D52,750
-8821790.56740351,5427621.69393137,80542289,,2016,2016/06/15 04:00:00+00,37,LAWRENCE AVE E,VALPARAISO AVE,,Major Arterial,Scarborough,21,43.755103,-79.247493,Mid-Block,Non Intersection,No Control,Clear,"Dark, artificial",Dry,Fatal,Pedestrian Collisions,Pedestrian,70 to 74,Fatal,37,South,,,,,Pedestrian hit at mid-block,"Crossing, no Traffic Control",Had Been Drinking,,,,Yes,,Yes,,,,,,,,,,,157,Bendale South,127,Bendale (127),D43,751
-8823225.9209178,5421546.99259735,80542278,,2016,2016/06/17 04:00:00+00,303,DANFORTH RD,ST CLAIR AVE E,92.1 m south,Minor Arterial,Scarborough,20,43.715674,-79.260387,Mid-Block,Non Intersection,No Control,Clear,"Dark, artificial",Dry,Fatal,Pedestrian Collisions,Pedestrian,20 to 24,Fatal,38,North,,,,,Pedestrian hit at mid-block,Running onto Roadway,Other,,,,Yes,,Yes,,,,,,,,,,,120,Clairlea-Birchmount,120,Clairlea-Birchmount (120),D41,752
-8844394.65792603,5417750.04382528,80542826,,2016,2016/06/22 04:00:00+00,655,DYNEVOR RD,KIRKNEWTON RD,,Local,Toronto and East York,9,43.691016,-79.450549,Mid-Block,Non Intersection,No Control,Clear,Daylight,Dry,Fatal,Pedestrian Collisions,Pedestrian,65 to 69,Fatal,39,Unknown,,,,,Pedestrian hit at mid-block,Other,Normal,,,,Yes,,Yes,,,,,Yes,,,,,,109,Caledonia-Fairbank,109,Caledonia-Fairbank (109),D13,753
-8834696.50388812,5410802.76623557,80545822,,2016,2016/07/02 04:00:00+00,1812,QUEENS QUAY E,BONNYCASTLE ST,65.6 M E of,Minor Arterial,Toronto and East York,10,43.645873,-79.363429,Mid-Block,Non Intersection,No Control,Clear,Daylight,Dry,Fatal,SMV Other,Passenger,35 to 39,Fatal,45,,,,,,,,,,,,,,Yes,,,,,Yes,Yes,Yes,,,,166,St Lawrence-East Bayfront-The Islands,77,Waterfront Communities-The Island (77),D51,754
-8858208.51617755,5423465.4629283,80545162,,2016,2016/07/04 04:00:00+00,2055,KIPLING AVE,WESTHUMBER BLVD,,Major Arterial,Etobicoke York,1,43.728129,-79.574641,Intersection,At Intersection,Traffic Signal,Clear,"Dusk, artificial",Dry,Fatal,Pedestrian Collisions,Pedestrian,70 to 74,Fatal,40,Unknown,,,,,Vehicle turns left while ped crosses with ROW at inter.,Walking on Roadway with Traffic,Normal,,,,Yes,,Yes,,,,,,Yes,Yes,,,,4,Rexdale-Kipling,4,Rexdale-Kipling (4),D23,755
-8857163.89407595,5424857.70113942,80545164,,2016,2016/07/05 04:00:00+00,1120,ALBION RD,ISLINGTON AVE,,Major Arterial,Etobicoke York,1,43.737166,-79.565257,Intersection,At Intersection,Traffic Signal,Clear,Daylight,Dry,Fatal,Pedestrian Collisions,Pedestrian,55 to 59,Fatal,43,North,,,,,Pedestrian hit at mid-block,"Crossing, no Traffic Control",Inattentive,,,,Yes,,Yes,,,,,,,,,,,3,Thistletown-Beaumond Heights,3,Thistletown-Beaumond Heights (3),D23,756
-8841408.5125855,5414699.66510661,80545158,,2016,2016/07/05 04:00:00+00,1247,740 DUPONT ST,,,Major Arterial,Toronto and East York,11,43.671199,-79.423724,Mid-Block,Non Intersection,No Control,Clear,Daylight,Dry,Fatal,Cyclist Collisions,Cyclist,70 to 74,Fatal,41,West,Bicycle,Overtaking,,,,,,Cyclist strikes a parked vehicle.,Improper Passing,Unknown,,Yes,Yes,,,,,,,,,,,172,Dovercourt Village,93,Dovercourt-Wallace Emerson-Junction (93),D14,757
-8822710.40035594,5432012.00750527,80545161,,2016,2016/07/06 04:00:00+00,1831,401 C W MCCOWAN N RAMP RD,MCCOWAN RD,,Major Arterial,Scarborough,23,43.783583,-79.255756,Mid-Block,At Intersection,No Control,Clear,Daylight,Dry,Fatal,SMV Other,Motorcycle Driver,40 to 44,Fatal,42,West,Motorcycle,Going Ahead,Lost control,Unknown,,,,,,,,,Yes,Yes,,,,,Yes,Yes,,,,128,Agincourt South-Malvern West,128,Agincourt South-Malvern West (128),D42,758
-8851096.53654975,5404098.67166506,80545824,,2016,2016/07/12 04:00:00+00,1710,BIRMINGHAM ST,ELSINORE PATH,,Collector,Etobicoke York,3,43.602278,-79.510753,Intersection,At Intersection,No Control,Clear,Daylight,Dry,Fatal,SMV Other,Driver,55 to 59,Fatal,46,West,"Automobile, Station Wagon",Going Ahead,Lost control,Medical or Physical Disability,,,,,,,,,Yes,,,,,,,,,,Yes,18,New Toronto,18,New Toronto (18),D22,759
-8851856.62603289,5413188.00990547,80545849,,2016,2016/07/22 04:00:00+00,1948,ROYAL YORK RD,STRATH HUMBER CRT,12.5 M S of,Minor Arterial,Etobicoke York,2,43.661376,-79.517581,Intersection,At Intersection,No Control,Clear,Daylight,Dry,Fatal,Turning Movement,Motorcycle Driver,30 to 34,Fatal,47,South,Motorcycle,Going Ahead,Exceeding Speed Limit,Normal,,,,,,,,,Yes,Yes,,,,Yes,Yes,Yes,,,,9,Edenbridge-Humber Valley,9,Edenbridge-Humber Valley (9),D22,760
-8834870.60757172,5412504.20683967,80546836,,2016,2016/07/28 04:00:00+00,1450,PARLIAMENT ST,SHUTER ST,,Minor Arterial,Toronto and East York,13,43.656932,-79.364993,Intersection,At Intersection,Traffic Signal,Clear,Daylight,Dry,Fatal,Pedestrian Collisions,Pedestrian,80 to 84,Fatal,49,West,,,,,Vehicle is going straight thru inter.while ped cross without ROW,Crossing without right of way,Normal,,,,Yes,,,,Yes,,,,,,,,,72,Regent Park,72,Regent Park (72),D51,761
-8817353.81777846,5426504.10098122,80546795,,2016,2016/07/29 04:00:00+00,1825,KINGSTON RD,GUILDCREST DR,,Major Arterial,Scarborough,24,43.747851,-79.207637,Intersection,At Intersection,No Control,Clear,Daylight,Dry,Fatal,Pedestrian Collisions,Pedestrian,60 to 64,Fatal,48,East,,,,,Vehicle is going straight thru inter.while ped cross with ROW,Crossing with right of way,Unknown,,,,Yes,,Yes,,,Yes,,,Yes,Yes,,,,140,Guildwood,140,Guildwood (140),D43,762
-8841256.56148057,5431188.66444825,80546835,,2016,2016/08/05 04:00:00+00,1225,FINCH AVE W,TALBOT RD,40 m East,Major Arterial,North York,18,43.778243,-79.422359,Mid-Block,Non Intersection,No Control,Clear,Daylight,Dry,Fatal,Pedestrian Collisions,Pedestrian,80 to 84,Fatal,50,North,,,,,Pedestrian hit at mid-block,"Crossing, no Traffic Control",Inattentive,,,,Yes,,Yes,,,,,,,,,,,37,Willowdale West,37,Willowdale West (37),D32,763
-8862290.26794646,5422305.5532251,80546945,,2016,2016/08/05 04:00:00+00,1829,REXDALE BLVD,HUMBERWOOD BLVD,,Major Arterial,Etobicoke York,1,43.720599,-79.611308,Mid-Block,Non Intersection,No Control,Clear,Daylight,Dry,Fatal,Approaching,Motorcycle Driver,25 to 29,Fatal,51,East,Motorcycle,Going Ahead,Lost control,Unknown,,,,,,,,,,Yes,Yes,,,,Yes,Yes,,,,1,West Humber-Clairville,1,West Humber-Clairville (1),D23,764
-8816276.02246859,5442070.28462597,80546946,,2016,2016/08/14 04:00:00+00,250,STEELES AVE E,REESOR RD,,Minor Arterial,Scarborough,25,43.84878,-79.197955,Mid-Block,Non Intersection,No Control,Clear,Dark,Dry,Fatal,Approaching,Driver,20 to 24,Fatal,52,East,"Automobile, Station Wagon",Going Ahead,Driving Properly,Normal,,,,,,,,,Yes,,,,,Yes,Yes,Yes,,,,144,Morningside Heights,131,Rouge (131),D42,765
-8833454.84628781,5433487.42487163,80546834,,2016,2016/08/19 04:00:00+00,904,FINCH AVE E,SKYMARK DR,,Major Arterial,North York,17,43.793151,-79.352275,Intersection,Intersection Related,Traffic Signal,Clear,Daylight,Dry,Fatal,Pedestrian Collisions,Pedestrian,80 to 84,Fatal,53,North,,,,,Pedestrian hit at mid-block,"Crossing, no Traffic Control",Other,,,,Yes,,Yes,,,,,Yes,,,,,,47,Don Valley Village,47,Don Valley Village (47),D33,766
-8829389.23584506,5434044.4686814,80565040,,2016,2016/08/30 04:00:00+00,630,WARDEN AVE,FINCH AVE E,25M,Major Arterial,Scarborough,22,43.796763,-79.315753,Intersection,At Intersection,Traffic Signal,Clear,Daylight,Dry,Fatal,Rear End,Passenger,25 to 29,Fatal,54,,,,,,,,,,,,,,Yes,,,Yes,,Yes,,,,,,148,East L'Amoreaux,117,L'Amoreaux (117),D42,767
-8821244.76794015,5422312.63855228,4274636,1004306,2007,2007/11/23 05:00:00+00,1947,ST CLAIR AVE E,BRIMLEY RD,,Minor Arterial,Scarborough,20,43.720645,-79.24259,Mid-Block,,No Control,Clear,Dark,Other,Fatal,SMV Unattended Vehicle,Passenger,20 to 24,Fatal,,,Other,,,,,,,,,,,,Yes,,,,,Yes,,,,,,123,Cliffcrest,123,Cliffcrest (123),D41,768
-8836257.53710752,5410217.12713164,80565107,,2016,2016/09/01 04:00:00+00,2230,BAY ST,HARBOUR ST,,Major Arterial,Toronto and East York,10,43.642066,-79.377452,Intersection,Intersection Related,Traffic Signal,Clear,"Dark, artificial",Dry,Fatal,Turning Movement,Motorcycle Driver,30 to 34,Fatal,56,North,Motorcycle,Going Ahead,Driving Properly,Unknown,,,,,,,,,Yes,Yes,,,,,,,,,,166,St Lawrence-East Bayfront-The Islands,77,Waterfront Communities-The Island (77),D52,769
-8836808.79122592,5416165.69756438,80565103,,2016,2016/09/05 04:00:00+00,220,MOUNT PLEASANT RD,ROXBOROUGH DR,,Major Arterial,Toronto and East York,11,43.680724,-79.382404,Intersection,At Intersection,No Control,Clear,Dark,Dry,Fatal,SMV Other,Passenger,25 to 29,Fatal,55,,,,,,,,,,,,,,Yes,,,,,Yes,Yes,Yes,,Yes,,98,Rosedale-Moore Park,98,Rosedale-Moore Park (98),D53,770
-8841215.48458846,5411813.83865996,4293565,1006875,2007,2007/12/05 05:00:00+00,1856,OSSINGTON AVE,CHURCHILL AVE,,Minor Arterial,Toronto and East York,911,43.652445,-79.42199,Mid-Block,,No Control,Clear,Dark,Dry,Fatal,Pedestrian Collisions,Pedestrian,45 to 49,Fatal,,West,Other,,,,Vehicle hits the pedestrian walking or running out from between parked vehicles at mid-block,Coming From Behind Parked Vehicle,Had Been Drinking,,,,Yes,,Yes,,,,,,,,,,,81,Trinity-Bellwoods,81,Trinity-Bellwoods (81),D14,771
-8848004.192415,5427564.05413788,80565332,,2016,2016/09/16 04:00:00+00,1242,110 ST REGIS CRES,,,Local,North York,6,43.754729,-79.482974,Mid-Block,At/Near Private Drive,No Control,Clear,Daylight,Dry,Fatal,Pedestrian Collisions,Pedestrian,80 to 84,Fatal,57,Unknown,,,,,Vehicle is reversing and hits pedestrian,On Sidewalk or Shoulder,Unknown,,,,Yes,,Yes,,,,,,,Yes,,,,27,York University Heights,27,York University Heights (27),D31,772
-8817738.20398016,5428814.94940301,4293737,1008986,2007,2007/12/15 05:00:00+00,1212,LAWRENCE AVE E,MOSSBANK DR,,Major Arterial,Scarborough,24,43.762845,-79.21109,Intersection,,No Control,Snow,Daylight,Loose Snow,Fatal,Pedestrian Collisions,Pedestrian,40 to 44,Fatal,,North,Other,,,,Pedestrian hit at mid-block,Running onto Roadway,Normal,,,,Yes,,Yes,,,,,,,,,,,141,Golfdale-Cedarbrae-Woburn,137,Woburn (137),D43,773
-8841846.77742075,5416243.12286075,80785526,,2016,2016/09/21 04:00:00+00,1735,ST CLAIR AVE W,RUSHTON RD,23 m West of,Major Arterial,Toronto and East York,12,43.681227,-79.427661,Intersection,Intersection Related,No Control,Clear,Daylight,Dry,Fatal,Pedestrian Collisions,Pedestrian,65 to 69,Fatal,78,South,,,,,Pedestrian hit at mid-block,"Crossing, no Traffic Control",Had Been Drinking,,,,Yes,,Yes,,,,,Yes,,,,,,94,Wychwood,94,Wychwood (94),D13,774
-8835794.22538683,5432869.65762957,4294015,1011231,2007,2007/12/24 05:00:00+00,2135,FINCH AVE E,ALAMOSA DR,,Major Arterial,North York,17,43.789145,-79.37329,Intersection,,Traffic Signal,Clear,Dark,Dry,Fatal,Pedestrian Collisions,Pedestrian,75 to 79,Fatal,,North,Other,,,,Vehicle is going straight thru inter.while ped cross without ROW,Crossing without right of way,Inattentive,,,,Yes,,Yes,,,,,,,,,,,52,Bayview Village,49,Bayview Woods-Steeles (49),D33,775